{"INTRODUCTION": {"paragraphs": {"1": {"words": {"human": [12, 46, 92], "society": [37], "psychological": [55, 115], "physical": [63, 124], "world": [76, 104], "technology": [82], "social": [112], "may": [120], "even": [126]}, "index_left": 5, "index_right": 788}, "2": {"words": {"system": [2, 71, 89], "may": [3, 7], "physical": [23], "psychological": [25], "human": [49], "many": [52], "social": [64], "way": [83], "people": [97]}, "index_left": 792, "index_right": 1377}, "3": {"words": {"system": [2, 17]}, "index_left": 1381, "index_right": 1617}, "4": {"words": {"revolution": [4, 11, 75, 89], "industrial": [7, 63], "system": [8, 64], "may": [12, 14, 22, 27], "make": [16], "use": [17], "process": [32], "way": [55, 72], "take": [66], "society": [80, 108], "technological": [103]}, "index_left": 1621, "index_right": 2190}, "5": {"words": {"system": [20], "new": [69], "example": [74], "nature": [98], "even": [100], "important": [108]}, "index_left": 2194, "index_right": -1}}, "index_left": 47, "index_right": 2911}, "THE PSYCHOLOGY OF MODERN LEFTISM": {"paragraphs": {"6": {"words": {"society": [11, 49], "world": [24], "leftism": [26, 35], "problems": [46], "modern": [48]}, "index_left": 5, "index_right": 297}, "7": {"words": {"leftism": [3, 13, 101, 130], "leftist": [38, 90, 143], "leftists": [44], "one": [84], "get": [97], "much": [105], "psychological": [112]}, "index_left": 301, "index_right": 1095}, "8": {"words": {"leftism": [6, 61, 88], "would": [16], "way": [46], "psychological": [49], "modern": [60, 87], "leftist": [75], "leftists": [108]}, "index_left": 1099, "index_right": 1682}, "9": {"words": {"psychological": [2], "modern": [6, 25, 41], "leftism": [7, 26, 42]}, "index_left": 1686, "index_right": -1}}, "index_left": 2944, "index_right": 4951}, "FEELINGS OF INFERIORITY": {"paragraphs": {"10": {"words": {"modern": [46, 72], "leftists": [47], "leftism": [73]}, "index_left": 6, "index_right": 418}, "11": {"words": {"world": [200]}, "index_left": 423, "index_right": 1781}, "12": {"words": {"many": [34], "even": [39], "society": [53]}, "index_left": 1786, "index_right": 2303}, "13": {"words": {"leftists": [1, 37], "problems": [8, 75], "would": [47], "leftist": [101]}, "index_left": 2308, "index_right": 2853}, "14": {"words": {"may": [26]}, "index_left": 2858, "index_right": 3038}, "15": {"words": {"leftists": [38], "leftist": [91, 137]}, "index_left": 3043, "index_right": 3904}, "16": {"words": {"leftist": [31, 35, 95], "society": [43], "problems": [49, 87], "needs": [57, 92], "take": [61]}, "index_left": 3909, "index_right": 4460}, "17": {"words": {"modern": [5], "take": [21], "control": [29]}, "index_left": 4465, "index_right": 4793}, "18": {"words": {"one": [25, 98], "modern": [58], "psychological": [94], "needs": [95], "power": [124], "leftist": [130, 163], "many": [200], "leftists": [201], "human": [223], "behavior": [226], "make": [232], "society": [246, 277], "individual": [253]}, "index_left": 4798, "index_right": 6374}, "19": {"words": {"leftist": [1, 87, 120], "make": [13, 74], "power": [51], "behavior": [80], "large": [132]}, "index_left": 6379, "index_right": 7113}, "20": {"words": {"leftist": [5, 59], "may": [32], "many": [38], "leftists": [39], "use": [40]}, "index_left": 7118, "index_right": 7455}, "21": {"words": {"may": [1], "leftist": [24, 42, 52, 65, 152], "behavior": [53, 66], "power": [60, 197], "much": [64], "people": [77, 101, 141, 171, 206], "leftists": [80], "example": [89], "one": [92], "make": [105, 132], "would": [119, 131, 162], "take": [124, 156], "needs": [167], "problems": [181], "need": [195]}, "index_left": 7460, "index_right": 8721}, "22": {"words": {"society": [2], "social": [5], "problems": [6, 16], "leftists": [11], "would": [12]}, "index_left": 8726, "index_right": 8880}, "23": {"words": {"leftist": [20], "leftism": [33]}, "index_left": 8885, "index_right": -1}}, "index_left": 4975, "index_right": 14050}, "OVERSOCIALIZATION": {"paragraphs": {"24": {"words": {"use": [1], "process": [10], "society": [21, 43, 54], "may": [57], "many": [63], "leftists": [64, 86], "leftist": [70]}, "index_left": 6, "index_right": 497}, "25": {"words": {"society": [5], "one": [11], "way": [22], "example": [25], "people": [56, 122], "use": [113]}, "index_left": 502, "index_right": 1137}, "26": {"words": {"important": [22], "society": [27, 44, 88, 260], "behavior": [37, 79, 112, 231], "people": [104, 270], "work": [131], "use": [143], "get": [148], "even": [186], "without": [189], "many": [228, 268], "psychological": [250], "human": [298], "one": [302]}, "index_left": 1142, "index_right": 2785}, "27": {"words": {"important": [5], "modern": [11, 28], "leftism": [29], "society": [62]}, "index_left": 2790, "index_right": 3224}, "28": {"words": {"leftist": [1], "get": [8], "psychological": [11], "society": [35, 78, 125, 130, 147, 214, 225], "goals": [41], "leftists": [46], "people": [96], "freedom": [107], "individual": [122, 136], "take": [132], "system": [191]}, "index_left": 3229, "index_right": 4490}, "29": {"words": {"way": [6, 61], "leftist": [11, 353], "society": [22], "leftists": [33, 106, 199], "people": [42, 103, 244], "social": [74], "man": [83, 120, 127, 209, 294, 359], "system": [86, 280, 283, 362], "make": [88, 117, 206, 220, 254, 364], "much": [345], "may": [347]}, "index_left": 4495, "index_right": 6449}, "30": {"words": {"leftists": [6, 31], "even": [8], "society": [22, 43], "one": [40], "modern": [42], "important": [47], "physical": [52], "psychological": [81], "need": [108]}, "index_left": 6454, "index_right": 7245}, "31": {"words": {"many": [3], "leftist": [14], "would": [31], "take": [32], "even": [35], "important": [54], "modern": [60], "leftism": [61]}, "index_left": 7250, "index_right": 7619}, "32": {"words": {"problems": [1, 9], "leftist": [4], "society": [12, 45, 51, 63], "even": [67], "make": [81]}, "index_left": 7624, "index_right": -1}}, "index_left": 14068, "index_right": 22150}, "THE POWER PROCESS": {"paragraphs": {"33": {"words": {"need": [4, 28], "power": [19, 30, 46], "process": [47], "effort": [62, 77], "needs": [70, 80], "goals": [73, 90], "may": [102]}, "index_left": 6, "index_right": 615}, "34": {"words": {"man": [6, 21], "power": [23, 86, 112, 117, 133], "psychological": [30], "problems": [31], "may": [57], "need": [96], "even": [108], "must": [123], "goals": [125], "one": [130]}, "index_left": 620, "index_right": 1336}, "35": {"words": {"goals": [2], "physical": [11], "without": [38], "effort": [39]}, "index_left": 1341, "index_right": 1606}, "36": {"words": {"important": [2], "goals": [3, 9, 21, 31, 59, 77], "physical": [11], "psychological": [52], "problems": [53], "human": [56], "needs": [58], "effort": [63], "must": [67]}, "index_left": 1611, "index_right": -1}}, "index_left": 22168, "index_right": 24241}, "SURROGATE ACTIVITIES": {"paragraphs": {"38": {"words": {"example": [11], "people": [39], "physical": [49, 85], "needs": [50], "goals": [56, 67], "many": [61, 100], "would": [78], "need": [121]}, "index_left": 6, "index_right": 876}, "39": {"words": {"use": [1, 115], "surrogate": [5, 68, 158, 171, 241, 296], "people": [20, 246], "work": [33], "get": [52], "much": [76], "needs": [106, 291], "effort": [111], "physical": [117], "way": [126], "would": [128, 203, 256], "example": [236], "even": [248], "without": [264], "one": [289]}, "index_left": 881, "index_right": 2399}, "40": {"words": {"modern": [1, 117], "industrial": [2], "society": [3, 74, 108, 118], "effort": [6, 44], "one": [11, 70, 78], "physical": [14, 96, 164], "needs": [15, 218], "work": [36, 128, 134, 191, 231, 294], "take": [94], "surrogate": [122, 204, 272], "social": [168, 253], "important": [177, 297], "many": [209], "people": [210, 261], "may": [212, 232], "need": [222, 247], "large": [270], "example": [276], "get": [291]}, "index_left": 2404, "index_right": 4051}, "41": {"words": {"many": [1, 52], "people": [5, 24, 57, 112, 170, 192], "surrogate": [7, 63, 115, 203], "goals": [17, 22], "would": [25], "even": [29], "need": [32], "power": [35], "process": [36], "one": [89], "get": [121], "needs": [141, 157, 176], "society": [149, 169], "effort": [151], "social": [186]}, "index_left": 4056, "index_right": -1}}, "index_left": 24262, "index_right": 29457}, "AUTONOMY": {"paragraphs": {"42": {"words": {"power": [6, 110, 143], "process": [7, 111, 144], "may": [8], "individual": [14, 177], "people": [18, 54, 89], "need": [19, 107, 140], "goals": [31], "must": [35, 43], "control": [50, 65], "make": [96], "effort": [100], "work": [119], "large": [171]}, "index_left": 6, "index_right": 965}, "43": {"words": {"need": [10], "power": [18, 56, 68], "physical": [53], "use": [79]}, "index_left": 970, "index_right": 1439}, "44": {"words": {"people": [3], "power": [8, 28, 43, 58], "effort": [16], "one": [33], "process": [44, 59], "individual": [52], "way": [56], "behavior": [95]}, "index_left": 1444, "index_right": -1}}, "index_left": 29466, "index_right": 31511}, "SOURCES OF SOCIAL PROBLEMS": {"paragraphs": {"45": {"words": {"society": [9, 15, 149], "modern": [13, 78, 148], "industrial": [14], "world": [34], "human": [50], "man": [61, 79], "way": [74], "problems": [128]}, "index_left": 6, "index_right": 817}, "46": {"words": {"social": [3, 112], "psychological": [5], "problems": [6, 113], "modern": [8, 87], "society": [9, 15, 88], "people": [17, 90], "human": [29, 46], "behavior": [43], "power": [75, 106], "process": [76, 107], "important": [80], "one": [98]}, "index_left": 822, "index_right": 1535}, "47": {"words": {"modern": [6], "industrial": [7], "society": [8], "man": [17], "nature": [19], "social": [24], "change": [25]}, "index_left": 1540, "index_right": 1818}, "48": {"words": {"man": [22], "nature": [24], "technological": [28], "modern": [59], "technology": [61, 84], "people": [97, 130, 148], "example": [103], "power": [112], "use": [123, 144, 150], "would": [168]}, "index_left": 1823, "index_right": 2834}, "49": {"words": {"world": [5, 27], "modern": [26, 43], "human": [30], "society": [31, 44], "nature": [34], "way": [39], "technological": [50], "change": [51]}, "index_left": 2839, "index_right": 3182}, "50": {"words": {"technological": [18], "make": [35], "technology": [42], "society": [48, 59], "without": [49]}, "index_left": 3187, "index_right": 3614}, "51": {"words": {"social": [19, 26], "modern": [35, 76], "new": [45], "technological": [58], "society": [59, 77], "individual": [79], "must": [83], "system": [88, 111, 125], "would": [115]}, "index_left": 3619, "index_right": 4391}, "52": {"words": {"system": [44, 86, 121], "modern": [64], "society": [65, 103], "industrial": [68, 102]}, "index_left": 4396, "index_right": 5086}, "53": {"words": {"change": [3], "social": [16], "problems": [17, 34]}, "index_left": 5091, "index_right": 5307}, "54": {"words": {"large": [6], "psychological": [20], "problems": [21, 46, 54], "modern": [27], "man": [28]}, "index_left": 5312, "index_right": 5710}, "55": {"words": {"social": [25], "many": [43], "problems": [77]}, "index_left": 5715, "index_right": 6156}, "56": {"words": {"change": [2, 71], "society": [6, 103, 118], "man": [14], "modern": [82], "individual": [83], "psychological": [94], "problems": [95]}, "index_left": 6161, "index_right": 6767}, "57": {"words": {"modern": [8, 97], "man": [9], "change": [18, 40], "effort": [70], "new": [119], "may": [125], "need": [148], "power": [151], "process": [152]}, "index_left": 6772, "index_right": 7549}, "58": {"words": {"would": [1], "change": [16], "without": [23], "industrial": [37, 120], "society": [38, 54, 83, 121], "important": [45], "social": [48], "psychological": [50], "problems": [51], "modern": [53, 82, 119], "people": [59], "power": [67, 91, 108, 155], "process": [68, 92, 109, 156], "way": [72], "one": [87]}, "index_left": 7554, "index_right": -1}}, "index_left": 31538, "index_right": 39947}, "DISRUPTION OF THE POWER PROCESS IN MODERN SOCIETY": {"paragraphs": {"59": {"words": {"human": [2], "effort": [19, 36, 52], "much": [51], "one": [53], "power": [57], "process": [58, 61]}, "index_left": 6, "index_right": 465}, "60": {"words": {"modern": [1], "industrial": [2], "society": [3], "human": [5]}, "index_left": 470, "index_right": 654}, "61": {"words": {"physical": [4, 33, 48], "effort": [24, 45, 64, 86], "modern": [27], "society": [28], "needs": [49], "may": [58], "way": [117], "work": [144], "need": [149], "power": [152], "process": [153]}, "index_left": 659, "index_right": 1425}, "62": {"words": {"needs": [1], "modern": [17], "society": [18], "individual": [26], "people": [35], "effort": [46], "social": [51], "need": [59], "power": [62], "process": [63]}, "index_left": 1430, "index_right": 1759}, "63": {"words": {"needs": [3, 59, 91], "need": [16, 35, 80], "power": [19, 83], "process": [20, 84], "make": [30], "many": [31], "people": [32], "even": [43], "effort": [50], "man": [76], "must": [77], "surrogate": [105]}, "index_left": 1764, "index_right": 2371}, "64": {"words": {"many": [4, 48], "people": [5, 49, 143], "power": [16, 179], "process": [17, 180], "social": [31], "modern": [51, 117, 126], "society": [52, 127], "surrogate": [99, 156], "may": [103], "large": [109], "need": [176, 189], "physical": [205]}, "index_left": 2376, "index_right": 3506}, "65": {"words": {"goals": [3, 36], "system": [20, 148, 203], "way": [24, 70], "people": [27, 79, 213], "must": [57], "society": [135], "large": [138], "many": [163, 210], "take": [173], "need": [216]}, "index_left": 3511, "index_right": 4750}, "66": {"words": {"people": [1], "system": [9, 43, 52], "must": [57, 75]}, "index_left": 4755, "index_right": 5202}, "67": {"words": {"power": [2, 150], "process": [3], "society": [8], "goals": [14, 24], "human": [34], "one": [45, 55], "much": [53, 158, 169], "effort": [54], "need": [64], "people": [76, 93], "control": [81], "even": [90], "make": [95], "world": [104], "important": [114], "get": [163, 190], "may": [193], "individual": [233]}, "index_left": 5207, "index_right": 6485}, "68": {"words": {"may": [1, 175], "man": [6, 13, 26, 82], "modern": [12, 25, 129], "human": [42], "psychological": [46], "physical": [53], "much": [64], "take": [76], "individual": [130], "many": [138], "large": [166], "social": [170], "way": [178]}, "index_left": 6490, "index_right": 7470}, "69": {"words": {"man": [5], "example": [19], "nature": [36], "one": [43], "modern": [64], "individual": [65, 92]}, "index_left": 7475, "index_right": 8003}, "70": {"words": {"man": [2, 33, 61, 132, 138], "individual": [18], "modern": [32, 60, 131], "large": [48], "effort": [96], "way": [126]}, "index_left": 8008, "index_right": 8681}, "71": {"words": {"many": [2, 35, 119, 144], "modern": [12, 27, 125], "may": [22, 49, 57, 87], "society": [28, 175], "even": [40], "one": [48, 56, 67, 91, 102, 113], "work": [94, 104], "way": [98], "man": [126], "thus": [149], "power": [153], "process": [154], "industrial": [174]}, "index_left": 8686, "index_right": 9568}, "72": {"words": {"society": [1], "system": [19, 50, 93], "behavior": [44, 99]}, "index_left": 9573, "index_right": 10065}, "73": {"words": {"psychological": [24], "system": [40], "large": [46], "use": [48], "behavior": [61], "even": [79], "people": [86, 150], "make": [88], "example": [107], "work": [123]}, "index_left": 10070, "index_right": 11145}, "74": {"words": {"modern": [3, 64], "man": [4], "physical": [14], "power": [36], "process": [37], "society": [65]}, "index_left": 11150, "index_right": 11557}, "75": {"words": {"needs": [11], "one": [15], "man": [36, 100, 187, 298, 320, 344], "power": [40, 79, 150, 175, 283, 349], "process": [41, 69, 176, 284, 350], "get": [56], "social": [78], "modern": [120, 213, 319], "people": [121, 214], "need": [144, 346], "goals": [153, 158], "surrogate": [160], "physical": [182, 227, 246, 271], "work": [191], "effort": [239], "use": [276, 328], "way": [291]}, "index_left": 11562, "index_right": 13499}, "76": {"words": {"must": [14, 84], "way": [17], "people": [20, 32], "power": [27], "society": [45], "need": [53], "make": [58], "system": [67], "get": [85]}, "index_left": 13504, "index_right": -1}}, "index_left": 39997, "index_right": 53951}, "HOW SOME PEOPLE ADJUST": {"paragraphs": {"77": {"words": {"society": [4, 19, 41], "psychological": [7], "problems": [8], "people": [11, 32], "even": [12], "modern": [40]}, "index_left": 6, "index_right": 263}, "78": {"words": {"power": [13, 21, 31, 44], "may": [22], "need": [26, 39], "process": [32, 45], "would": [52], "people": [102]}, "index_left": 268, "index_right": 811}, "79": {"words": {"people": [1], "may": [2, 33], "need": [14], "power": [17], "process": [18], "example": [21], "social": [31], "without": [42]}, "index_left": 816, "index_right": 1096}, "80": {"words": {"even": [17, 55], "make": [20], "new": [38], "large": [60]}, "index_left": 1101, "index_right": 1485}, "81": {"words": {"people": [1, 14], "need": [29], "power": [32], "process": [33]}, "index_left": 1490, "index_right": 1690}, "82": {"words": {"effort": [32], "need": [54, 68], "power": [57, 80], "process": [58, 81], "may": [74, 85, 96], "work": [84]}, "index_left": 1695, "index_right": 2500}, "83": {"words": {"people": [1, 188, 226, 240], "need": [5, 233, 255], "power": [7, 24, 92, 156, 172, 192, 235, 257], "individual": [20, 54], "goals": [22, 34, 43, 49, 72], "even": [56], "process": [93, 157, 173], "society": [108], "effort": [139], "many": [159], "leftist": [221], "large": [244]}, "index_left": 2505, "index_right": 3915}, "84": {"words": {"way": [1, 218, 234], "people": [4, 98, 114, 137, 157, 269, 284], "need": [7, 211], "power": [10, 214], "process": [11, 215], "surrogate": [14, 25, 132, 194, 242, 248, 310, 372], "individual": [39, 348], "needs": [60], "many": [97, 228, 283], "society": [101, 146], "important": [143, 151, 379], "get": [158], "physical": [263], "social": [271], "work": [288, 366], "effort": [291, 307, 315], "one": [327], "system": [342], "freedom": [349]}, "index_left": 3920, "index_right": 6121}, "85": {"words": {"many": [7, 164], "people": [8, 35], "modern": [10], "society": [11], "need": [15, 37, 86], "power": [18, 40, 88], "process": [19, 41], "get": [63], "surrogate": [70, 103], "way": [91], "much": [125], "control": [126], "system": [131], "goals": [157]}, "index_left": 6126, "index_right": 7035}, "86": {"words": {"even": [1], "people": [4], "society": [7, 24], "would": [16], "one": [38], "need": [41], "power": [44], "process": [45], "surrogate": [47], "goals": [62]}, "index_left": 7040, "index_right": -1}}, "index_left": 53974, "index_right": 61370}, "THE MOTIVES OF SCIENTISTS": {"paragraphs": {"87": {"words": {"technology": [2], "important": [6], "surrogate": [9, 124, 165], "work": [65, 286], "problems": [69], "example": [81], "new": [137], "physical": [182], "effort": [188, 280], "way": [195], "would": [244, 253]}, "index_left": 6, "index_right": 1703}, "88": {"words": {"work": [10, 16, 57, 208], "human": [26], "example": [34], "power": [85, 151, 188], "get": [109], "many": [137], "much": [145], "one": [176], "use": [216]}, "index_left": 1708, "index_right": 2906}, "89": {"words": {"need": [26], "power": [31], "process": [32], "make": [47], "effort": [49], "surrogate": [68], "work": [72, 82], "get": [78]}, "index_left": 2911, "index_right": 3340}, "90": {"words": {"many": [17], "example": [24], "may": [28, 48], "much": [50], "work": [56], "need": [84], "surrogate": [101, 111], "large": [108]}, "index_left": 3345, "index_right": 3928}, "91": {"words": {"technology": [4], "power": [7, 18], "many": [12], "need": [16]}, "index_left": 3933, "index_right": 4112}, "92": {"words": {"without": [6], "human": [14], "psychological": [26], "needs": [27]}, "index_left": 4117, "index_right": -1}}, "index_left": 61396, "index_right": 65779}, "THE NATURE OF FREEDOM": {"paragraphs": {"93": {"words": {"society": [7], "way": [15], "human": [26], "freedom": [27, 33, 54], "many": [43], "must": [47], "make": [49]}, "index_left": 6, "index_right": 314}, "94": {"words": {"freedom": [2, 120, 155], "power": [12, 93, 97, 104, 131, 144], "process": [13], "goals": [17, 21], "surrogate": [23], "without": [27], "large": [39, 127], "control": [46, 99, 106], "individual": [51], "one": [66, 85, 110, 133], "may": [82, 145], "people": [101], "important": [151]}, "index_left": 319, "index_right": 1188}, "95": {"words": {"society": [9, 40, 52, 110], "important": [26], "freedom": [35, 107], "technological": [48], "many": [78], "one": [97], "modern": [133], "control": [166]}, "index_left": 1193, "index_right": 2119}, "96": {"words": {"example": [8, 172], "freedom": [11, 59], "important": [30], "power": [37, 46], "use": [67], "individual": [74], "control": [83], "large": [85], "system": [92], "way": [116], "make": [148], "society": [152], "would": [193, 210, 252], "many": [214, 245], "get": [280], "people": [301]}, "index_left": 2124, "index_right": 3667}, "97": {"words": {"much": [16], "freedom": [27, 90, 100, 177, 269, 292, 312], "man": [39, 87], "social": [46, 70, 342], "needs": [67, 356, 363], "individual": [77, 215], "would": [129], "system": [134], "people": [148, 283, 366], "society": [225, 240, 376], "one": [294, 297], "use": [299], "surrogate": [345], "may": [368]}, "index_left": 3672, "index_right": 5671}, "98": {"words": {"freedom": [20, 53], "psychological": [35, 105], "people": [39, 46, 84], "many": [45, 74], "social": [58], "needs": [64], "example": [67], "leftists": [75], "would": [80], "much": [96], "leftist": [101]}, "index_left": 5676, "index_right": -1}}, "index_left": 65801, "index_right": 72099}, "SOME PRINCIPLES OF HISTORY": {"paragraphs": {"99": {"words": {}, "index_left": 6, "index_right": 273}, "100": {"words": {"change": [6, 21, 87, 115, 129, 145], "society": [50, 79, 95, 118], "social": [110]}, "index_left": 279, "index_right": 1183}, "101": {"words": {"would": [21, 36]}, "index_left": 1189, "index_right": 1418}, "102": {"words": {"change": [5, 52], "large": [11], "society": [25, 35], "system": [38], "important": [54], "without": [56]}, "index_left": 1424, "index_right": 1752}, "103": {"words": {"change": [5, 45, 71], "large": [10], "society": [24, 65], "one": [57]}, "index_left": 1758, "index_right": 2211}, "104": {"words": {"new": [4, 24], "society": [7, 27]}, "index_left": 2217, "index_right": 2416}, "105": {"words": {"human": [10, 16, 51], "change": [14], "behavior": [17, 52], "society": [24], "physical": [27]}, "index_left": 2422, "index_right": 2860}, "106": {"words": {"society": [14], "social": [21], "human": [28], "control": [29]}, "index_left": 2866, "index_right": 3057}, "107": {"words": {}, "index_left": 3063, "index_right": 3119}, "108": {"words": {"social": [13], "society": [23, 55, 80, 122, 128, 162], "change": [34, 68], "would": [36], "make": [65], "important": [76], "revolution": [86, 92, 114], "one": [118], "new": [159]}, "index_left": 3125, "index_right": 4032}, "109": {"words": {"revolution": [17], "change": [43, 81], "society": [50, 67, 100, 105], "system": [149, 159], "important": [183], "world": [196], "people": [216], "way": [254], "would": [258, 267, 277]}, "index_left": 4038, "index_right": 5847}, "110": {"words": {"one": [2, 79, 87, 91, 101], "use": [5], "may": [54], "society": [66]}, "index_left": 5853, "index_right": -1}}, "index_left": 72126, "index_right": 78577}, "INDUSTRIAL-TECHNOLOGICAL SOCIETY CANNOT BE REFORMED": {"paragraphs": {"111": {"words": {"would": [10, 74, 94, 112, 133, 151, 168, 174, 179, 190, 212], "industrial": [15], "system": [16, 53, 183, 249], "way": [20, 138], "freedom": [31, 60, 71, 167, 229], "technology": [49, 73], "individual": [59], "change": [67, 92], "society": [86, 119, 132], "large": [107, 157, 201], "nature": [115], "make": [160, 204]}, "index_left": 6, "index_right": 1465}, "112": {"words": {"freedom": [4, 25], "without": [5], "technology": [11, 27], "new": [18, 47, 70], "society": [21, 50, 73], "would": [23, 81, 84], "people": [34], "make": [36], "even": [67]}, "index_left": 1471, "index_right": 2008}, "113": {"words": {"even": [1], "way": [12], "society": [15], "would": [20], "freedom": [22, 41], "modern": [24], "technology": [25], "technological": [43]}, "index_left": 2014, "index_right": -1}}, "index_left": 78629, "index_right": 80936}, "RESTRICTION OF FREEDOM IS UNAVOIDABLE IN INDUSTRIAL SOCIETY": {"paragraphs": {"114": {"words": {"modern": [8], "man": [9], "society": [63, 171], "system": [66, 121, 214], "human": [70], "behavior": [71], "work": [79], "people": [80], "would": [93, 118], "way": [133], "individual": [134], "freedom": [148], "large": [162], "may": [189], "psychological": [204], "make": [207]}, "index_left": 7, "index_right": 1331}, "115": {"words": {"system": [1, 26], "people": [5], "human": [19, 63, 115], "behavior": [20], "example": [23, 124], "needs": [27], "without": [39], "world": [94], "society": [145]}, "index_left": 1337, "index_right": 2178}, "116": {"words": {"system": [7], "human": [11], "behavior": [12], "people": [23], "society": [32]}, "index_left": 2184, "index_right": 2523}, "117": {"words": {"society": [4, 27, 56, 188], "individual": [6, 152], "technological": [26], "large": [47, 70, 145], "people": [50, 73, 84, 204, 227], "even": [130, 216], "one": [151], "way": [180], "system": [191], "make": [203], "would": [232]}, "index_left": 2529, "index_right": 3819}, "118": {"words": {"modern": [53], "system": [56], "technology": [66], "one": [69], "people": [73], "way": [78], "use": [84], "may": [88], "world": [105]}, "index_left": 3825, "index_right": 4474}, "119": {"words": {"system": [1, 30, 50, 61, 78, 103, 114, 130, 137, 178, 203, 218, 378], "human": [10, 17, 82, 123, 331], "needs": [11, 27, 83, 111, 153, 200, 332, 375], "behavior": [18, 197], "social": [41], "may": [44], "technological": [49], "technology": [57], "many": [81, 169], "example": [127], "people": [132, 149, 170, 193], "psychological": [152], "must": [188, 319], "much": [206], "one": [249, 295], "way": [309], "would": [339], "problems": [342], "society": [359], "individual": [369], "without": [382]}, "index_left": 4480, "index_right": 6464}, "120": {"words": {"make": [2], "system": [14, 166, 192, 250], "example": [23], "one": [25, 37], "work": [76], "goals": [116, 129, 175], "would": [143], "must": [169, 245], "much": [213], "industrial": [216], "society": [217], "new": [264], "technology": [265, 275], "use": [273]}, "index_left": 6470, "index_right": -1}}, "index_left": 80996, "index_right": 89027}, "THE \u2018BAD\u2019 PARTS OF TECHNOLOGY CANNOT BE SEPARATED FROM THE \u2018GOOD\u2019 PARTS": {"paragraphs": {"121": {"words": {"industrial": [4], "society": [5, 103], "freedom": [13], "modern": [16, 56], "technology": [17, 45], "system": [21, 119], "one": [29], "get": [36], "example": [60], "much": [111], "without": [115], "technological": [118]}, "index_left": 7, "index_right": 698}, "122": {"words": {"without": [7], "technological": [12], "system": [13], "would": [16], "example": [25], "may": [74], "use": [93], "many": [104], "human": [134], "man": [139], "nature": [150]}, "index_left": 704, "index_right": 1651}, "123": {"words": {"much": [11], "human": [39], "would": [49]}, "index_left": 1657, "index_right": 2001}, "124": {"words": {"would": [19, 33, 47, 71, 95, 127, 160, 164, 220], "freedom": [24, 163], "make": [35], "human": [59, 173], "large": [109], "use": [149], "one": [166], "technological": [191, 284], "society": [192], "power": [217], "people": [230, 249], "many": [231], "physical": [243], "need": [253], "get": [255], "world": [261], "needs": [280], "system": [285]}, "index_left": 2007, "index_right": -1}}, "index_left": 89099, "index_right": 92694}, "TECHNOLOGY IS A MORE POWERFUL SOCIAL FORCE THAN THE ASPIRATION FOR FREEDOM": {"paragraphs": {"125": {"words": {"make": [5], "technology": [10, 15, 165], "freedom": [12, 28, 167], "social": [22], "one": [54, 66, 79, 84, 105, 150], "man": [146]}, "index_left": 7, "index_right": 836}, "126": {"words": {"technology": [4], "social": [9], "freedom": [15]}, "index_left": 842, "index_right": 937}, "127": {"words": {"technological": [1, 52], "freedom": [8, 67, 72, 134, 318], "example": [21], "man": [29, 64, 77, 112, 131], "without": [42], "one": [80, 92, 162, 168, 171, 176], "much": [105], "society": [122, 416], "way": [126, 251, 420], "use": [149, 226, 291, 428], "people": [256, 422], "must": [290], "even": [300], "control": [302], "important": [366], "new": [382, 413], "technology": [385, 414], "individual": [393], "many": [410]}, "index_left": 943, "index_right": 3270}, "128": {"words": {"technological": [1], "freedom": [11], "new": [14], "one": [36], "modern": [56], "society": [57], "would": [60], "example": [73, 170], "many": [77], "world": [101], "man": [106], "individual": [146], "power": [149], "process": [158], "people": [173], "much": [195], "large": [200], "make": [208], "human": [210]}, "index_left": 3276, "index_right": 4599}, "129": {"words": {"technology": [3, 84, 145], "social": [8], "society": [19], "technological": [21, 158], "one": [26, 127], "people": [43, 74], "without": [57], "new": [81], "even": [88], "system": [92, 108, 122, 159], "would": [104], "example": [114], "freedom": [137], "take": [139, 148]}, "index_left": 4605, "index_right": 5463}, "130": {"words": {"freedom": [7, 61, 76], "many": [9], "large": [28], "psychological": [34], "would": [62, 110], "social": [68], "new": [84], "technological": [123], "system": [124], "revolution": [132]}, "index_left": 5469, "index_right": 6255}, "131": {"words": {"use": [3, 85], "work": [30, 44, 57, 188, 195], "surrogate": [33], "freedom": [46, 175], "psychological": [89], "without": [118], "important": [198]}, "index_left": 6261, "index_right": 7434}, "132": {"words": {"people": [5], "work": [7, 42, 65], "get": [39], "technological": [48], "freedom": [51, 93], "would": [99, 115, 127], "technology": [123], "control": [142], "make": [146], "system": [153]}, "index_left": 7440, "index_right": 8341}, "133": {"words": {"social": [1, 25, 62, 105, 159], "technology": [19, 96], "change": [32, 118, 198], "technological": [39, 147], "example": [53], "would": [65, 97, 107, 126, 138], "human": [73], "way": [85], "freedom": [89, 133], "society": [121]}, "index_left": 8347, "index_right": 9600}, "134": {"words": {"technology": [7, 135], "social": [12, 69], "freedom": [18, 128], "important": [25], "system": [38, 83], "problems": [49, 55], "human": [57], "behavior": [58], "psychological": [71], "revolution": [105, 114]}, "index_left": 9606, "index_right": 10413}, "135": {"words": {"one": [59, 125], "man": [78, 99, 119], "take": [105], "way": [135], "industrial": [139], "system": [140], "must": [144], "freedom": [169]}, "index_left": 10419, "index_right": -1}}, "index_left": 92769, "index_right": 103992}, "SIMPLER SOCIAL PROBLEMS HAVE PROVED INTRACTABLE": {"paragraphs": {"136": {"words": {"would": [6], "system": [12, 56], "way": [16], "freedom": [20], "technology": [22], "society": [36], "social": [41], "problems": [42]}, "index_left": 7, "index_right": 429}, "137": {"words": {"problems": [3, 71, 151], "example": [6], "get": [38, 155], "people": [48], "power": [51], "one": [102, 133], "process": [128, 181], "social": [150, 232], "work": [176], "make": [224]}, "index_left": 435, "index_right": 1721}, "138": {"words": {"human": [6], "even": [17], "social": [20], "problems": [21], "freedom": [39, 50], "technology": [41], "people": [60]}, "index_left": 1727, "index_right": 2169}, "139": {"words": {"important": [3], "problems": [12, 50, 115], "example": [15], "may": [17, 101], "system": [46, 61, 80, 105, 123], "freedom": [64, 142], "human": [83, 126], "behavior": [84, 127], "control": [86], "take": [107], "social": [154], "people": [171]}, "index_left": 2175, "index_right": -1}}, "index_left": 104040, "index_right": 107173}, "REVOLUTION IS EASIER THAN REFORM": {"paragraphs": {"140": {"words": {"system": [9, 35], "way": [17, 27], "freedom": [21], "technology": [23], "revolution": [40], "change": [54], "nature": [57], "society": [59]}, "index_left": 7, "index_right": 352}, "141": {"words": {"revolution": [7, 33, 182], "much": [10, 35, 115], "change": [12], "social": [70], "problems": [80], "one": [82, 137], "new": [88], "world": [89], "people": [99, 152, 175], "take": [101], "make": [105], "would": [113, 203], "technological": [121], "system": [122, 186], "technology": [140, 202], "example": [148], "many": [151], "large": [172], "may": [176], "work": [214, 225]}, "index_left": 358, "index_right": 1781}, "142": {"words": {"society": [26, 89], "people": [28], "revolution": [40, 71, 98], "may": [54], "large": [78]}, "index_left": 1787, "index_right": -1}}, "index_left": 107206, "index_right": 109554}, "CONTROL OF HUMAN BEHAVIOR": {"paragraphs": {"143": {"words": {"human": [14, 65, 79, 116], "social": [24], "one": [34], "society": [35, 71, 166, 198], "physical": [44], "psychological": [58], "behavior": [66], "nature": [80], "people": [105], "work": [138], "problems": [145]}, "index_left": 7, "index_right": 1070}, "144": {"words": {"human": [1, 42], "nature": [2], "may": [30], "modern": [35], "technology": [36]}, "index_left": 1076, "index_right": 1317}, "145": {"words": {"society": [2, 37, 101, 114], "people": [5, 110], "make": [9, 109], "take": [19], "power": [67], "process": [68], "even": [77], "modern": [113], "individual": [130], "way": [138], "social": [145], "would": [149]}, "index_left": 1323, "index_right": 2321}, "146": {"words": {"one": [7], "example": [8], "new": [11], "human": [15], "behavior": [16], "modern": [18], "society": [19]}, "index_left": 2327, "index_right": 2501}, "147": {"words": {"many": [22], "process": [32], "physical": [48], "important": [100], "psychological": [101], "system": [105], "even": [108], "large": [114], "modern": [123, 194], "man": [124], "work": [162], "world": [190], "people": [195], "must": [196], "get": [205, 213]}, "index_left": 2507, "index_right": 3709}, "148": {"words": {"example": [61], "psychological": [74], "many": [85, 285], "make": [101], "system": [108, 115, 158, 180, 224, 231, 308, 342, 370, 405], "individual": [169, 239], "behavior": [173, 331, 366, 400], "much": [215, 292], "society": [344], "control": [397], "human": [399]}, "index_left": 3715, "index_right": 5903}, "149": {"words": {"psychological": [10, 24], "human": [14, 32, 73, 79], "behavior": [15], "society": [38], "technology": [40], "use": [58], "may": [66]}, "index_left": 5909, "index_right": 6615}, "150": {"words": {"industrial": [7], "society": [8], "problems": [24, 35, 49], "human": [26, 54, 157], "behavior": [27, 158], "system": [43, 142, 145], "way": [53], "use": [81, 151]}, "index_left": 6621, "index_right": 7486}, "151": {"words": {"social": [1, 135], "system": [29, 162], "people": [32], "important": [41], "power": [49], "process": [50], "control": [60], "human": [62, 74, 86, 118, 146, 151], "behavior": [63], "new": [71], "society": [108], "psychological": [123], "needs": [144, 159]}, "index_left": 7492, "index_right": 8378}, "152": {"words": {"technological": [3], "control": [4, 38], "human": [6, 25, 41], "behavior": [7], "even": [18], "freedom": [26], "new": [32], "society": [55, 206], "people": [69], "many": [77], "example": [87], "individual": [105], "would": [110], "needs": [120], "may": [156, 211], "one": [165], "get": [175], "change": [205]}, "index_left": 8384, "index_right": 9597}, "153": {"words": {"control": [1], "human": [3], "behavior": [4], "process": [19, 31], "social": [21], "would": [86], "example": [100], "many": [104], "take": [143], "system": [168]}, "index_left": 9603, "index_right": 10474}, "154": {"words": {"would": [53, 63], "many": [79, 154], "society": [95, 138], "even": [97], "modern": [122, 146], "must": [139], "people": [150, 180], "way": [177], "system": [189]}, "index_left": 10480, "index_right": 11494}, "155": {"words": {"society": [1], "behavior": [15], "system": [21, 37, 50, 63], "individual": [30, 43, 57], "problems": [47]}, "index_left": 11500, "index_right": 11886}, "156": {"words": {"use": [9, 238], "new": [12, 29], "technology": [15, 30, 53, 60], "change": [33], "society": [34, 150, 170, 205], "way": [38], "individual": [47], "without": [50, 132, 316], "human": [62, 330], "behavior": [63], "world": [67], "make": [78], "psychological": [140, 210], "many": [145], "people": [146, 156, 214, 333], "large": [153], "system": [183, 358], "one": [202], "important": [209], "would": [306, 360], "get": [313, 366], "much": [371]}, "index_left": 11892, "index_right": 13953}, "157": {"words": {"industrial": [2], "society": [3], "technology": [10], "control": [17], "human": [19, 31, 112, 130, 150], "behavior": [20, 34, 131, 153], "may": [105, 107], "one": [119], "would": [142]}, "index_left": 13959, "index_right": 14882}, "158": {"words": {"would": [2], "people": [7], "human": [29, 45, 100], "behavior": [46, 101], "society": [80], "problems": [84], "control": [98]}, "index_left": 14888, "index_right": 15490}, "159": {"words": {"technological": [7, 31], "control": [8, 24, 32], "human": [10], "behavior": [11], "would": [15]}, "index_left": 15496, "index_right": 15855}, "160": {"words": {"man": [33, 62], "way": [38, 73], "technology": [51], "human": [57]}, "index_left": 15861, "index_right": -1}}, "index_left": 109580, "index_right": 125837}, "HUMAN RACE AT A CROSSROADS": {"paragraphs": {"161": {"words": {"one": [11, 191], "psychological": [21], "human": [27, 140, 154], "behavior": [28, 141, 160], "social": [39], "system": [40, 89, 144, 169, 199], "example": [54], "work": [63], "many": [95], "people": [158, 188], "control": [166], "way": [192]}, "index_left": 7, "index_right": 1209}, "162": {"words": {"system": [1, 32], "problems": [12, 21], "human": [23, 39], "behavior": [24, 40], "important": [28], "control": [37]}, "index_left": 1215, "index_right": 1644}, "163": {"words": {"system": [2, 61, 113], "control": [27, 97], "problems": [31], "human": [43, 104, 202], "people": [50, 218], "behavior": [56, 238, 263], "would": [73, 86], "technology": [82], "important": [109], "may": [114, 124], "large": [160, 186], "one": [167], "freedom": [171, 234], "psychological": [196], "physical": [210], "power": [223, 257], "even": [226]}, "index_left": 1650, "index_right": 3258}, "164": {"words": {"human": [14, 155], "nature": [17, 61], "control": [30, 57, 91], "system": [37, 53], "people": [59], "work": [106], "surrogate": [110], "need": [119], "power": [121], "problems": [125, 144]}, "index_left": 3264, "index_right": 4230}, "165": {"words": {"much": [17], "system": [20, 24], "may": [28, 91], "would": [61, 77], "human": [75], "new": [81], "industrial": [89], "society": [90], "many": [109], "people": [110], "get": [121]}, "index_left": 4236, "index_right": 4881}, "166": {"words": {"industrial": [12, 73, 97], "system": [13, 32, 79, 113], "human": [17], "must": [23], "work": [24], "social": [28], "revolution": [51], "technology": [70], "society": [74, 98]}, "index_left": 4887, "index_right": -1}}, "index_left": 125864, "index_right": 131482}, "HUMAN SUFFERING": {"paragraphs": {"167": {"words": {"industrial": [1], "system": [2, 40, 187, 208, 238], "problems": [27], "process": [53, 130], "many": [71], "people": [72], "world": [78], "even": [90], "without": [95], "technology": [97, 152], "much": [141], "way": [163], "work": [181], "would": [220], "may": [254]}, "index_left": 6, "index_right": 1497}, "168": {"words": {"one": [5], "freedom": [16, 25], "many": [21], "important": [30], "physical": [38], "may": [53]}, "index_left": 1503, "index_right": 1863}, "169": {"words": {"system": [15, 25, 29], "would": [26], "world": [45, 112], "people": [56], "industrial": [74, 103], "society": [75, 104], "social": [90], "psychological": [92, 139], "problems": [93, 179], "much": [109], "one": [161], "new": [195], "technology": [196]}, "index_left": 1869, "index_right": 3139}, "170": {"words": {"psychological": [23], "make": [26, 56], "social": [83, 172], "problems": [84, 241, 263, 290], "large": [100], "even": [103, 179], "society": [112, 142, 292, 358, 368], "example": [188, 237], "new": [200, 262, 289], "human": [212, 375], "one": [236], "technology": [285], "take": [307], "work": [321], "industrial": [357], "would": [359, 369]}, "index_left": 3145, "index_right": -1}}, "index_left": 131498, "index_right": 136678}, "THE FUTURE": {"paragraphs": {"171": {"words": {"industrial": [4], "society": [5], "get": [18], "system": [23, 34]}, "index_left": 7, "index_right": 250}, "172": {"words": {"human": [20, 45, 71, 76], "work": [31], "effort": [46], "make": [64], "without": [70], "control": [77]}, "index_left": 256, "index_right": 727}, "173": {"words": {"make": [6, 16, 171], "human": [45, 62, 85, 111, 214], "would": [47, 64, 87, 99, 130, 260], "power": [73, 90, 102], "society": [146], "problems": [149], "people": [167], "may": [196], "system": [207], "control": [233]}, "index_left": 733, "index_right": 2128}, "174": {"words": {"human": [8, 85, 181, 281], "control": [9, 25, 44, 78], "may": [13, 23, 111, 126, 167, 223, 283], "man": [22], "large": [46], "work": [86], "system": [103], "use": [127], "psychological": [131], "world": [150], "physical": [193], "needs": [194], "people": [245], "need": [258], "power": [261, 273], "process": [262], "make": [265], "society": [289]}, "index_left": 2134, "index_right": 3769}, "175": {"words": {"human": [17, 46], "work": [18, 74, 163], "take": [27], "many": [64], "people": [65, 207, 239, 304, 347], "get": [73], "psychological": [80, 201], "make": [92], "system": [98, 189, 218, 276], "need": [115, 337], "world": [177], "one": [182], "use": [193], "power": [228, 295, 315, 339, 359], "society": [243, 254, 283, 329], "may": [249, 255], "needs": [273], "large": [343], "way": [351]}, "index_left": 3775, "index_right": 5664}, "176": {"words": {"one": [10, 104], "may": [24], "take": [29], "work": [34, 56, 76], "human": [45, 78, 127], "example": [64], "people": [82, 138], "would": [83, 139, 149], "way": [124, 180], "many": [137]}, "index_left": 5670, "index_right": 6620}, "177": {"words": {"technological": [58], "system": [59, 96], "make": [98], "power": [108], "large": [117], "physical": [131], "may": [176], "nature": [181], "human": [229], "important": [234], "man": [272]}, "index_left": 6626, "index_right": 8111}, "178": {"words": {"may": [2], "technology": [11], "human": [15, 37], "new": [18, 50], "physical": [19], "social": [21], "man": [44], "process": [69]}, "index_left": 8117, "index_right": 8603}, "179": {"words": {"would": [1], "system": [9], "take": [11]}, "index_left": 8609, "index_right": -1}}, "index_left": 136689, "index_right": 145378}, "STRATEGY": {"paragraphs": {"180": {"words": {"people": [16], "technological": [21], "take": [28]}, "index_left": 7, "index_right": 383}, "181": {"words": {"social": [17], "industrial": [22, 36], "society": [23, 71, 74], "technology": [33, 51], "system": [37, 41, 134], "revolution": [49, 159], "may": [52], "would": [58], "new": [102], "world": [103], "one": [112]}, "index_left": 389, "index_right": 1360}, "182": {"words": {"goals": [18], "society": [28, 40, 62, 77, 94, 106], "new": [37, 59, 89]}, "index_left": 1366, "index_right": 1928}, "183": {"words": {"must": [11, 24], "one": [21], "nature": [47, 78, 82], "human": [65, 70, 81, 95], "control": [73], "individual": [96], "society": [105]}, "index_left": 1934, "index_right": 2602}, "184": {"words": {"technology": [6, 27, 69, 314, 357], "power": [18, 35], "system": [21, 38, 172, 294], "people": [42, 301, 321], "nature": [46, 66, 82, 128, 150, 160, 202, 227, 251, 275, 279, 306], "new": [91], "social": [94, 171], "human": [113, 124, 147, 278], "society": [114, 148, 183, 195, 235, 268, 285], "many": [120], "without": [129], "get": [179], "industrial": [182, 234, 293], "problems": [192], "take": [206], "even": [219], "control": [273, 372], "may": [286], "way": [319], "must": [329], "large": [369]}, "index_left": 2608, "index_right": 4688}, "185": {"words": {"industrial": [7], "one": [24]}, "index_left": 4694, "index_right": 4857}, "186": {"words": {"people": [1], "psychological": [3], "social": [17]}, "index_left": 4863, "index_right": 5185}, "187": {"words": {"people": [11, 29, 77, 86, 96], "industrial": [36], "system": [37, 69], "problems": [50], "important": [74], "would": [154]}, "index_left": 5191, "index_right": 6105}, "188": {"words": {"technology": [25], "nature": [27], "even": [33], "people": [57, 96], "change": [110], "may": [132], "system": [137]}, "index_left": 6111, "index_right": 7074}, "189": {"words": {"people": [16, 87, 142], "revolution": [58], "make": [99], "new": [107], "get": [124], "without": [135]}, "index_left": 7080, "index_right": 7821}, "190": {"words": {"social": [3], "system": [9], "one": [12, 21, 180], "people": [36, 72], "industrial": [42], "society": [43], "example": [75], "would": [78], "need": [127], "freedom": [137]}, "index_left": 7827, "index_right": 8872}, "191": {"words": {"social": [8, 180], "technology": [20, 29, 57, 198], "power": [32, 86, 124], "one": [36, 175], "important": [47], "people": [54, 196], "nature": [59, 200], "may": [68], "use": [84], "technological": [85, 134, 169], "example": [113], "many": [117, 142], "way": [157], "system": [170]}, "index_left": 8878, "index_right": 10078}, "192": {"words": {"way": [2], "technological": [52], "system": [53, 61]}, "index_left": 10084, "index_right": 10498}, "193": {"words": {"revolution": [3, 35], "may": [20, 22], "physical": [25], "technology": [42]}, "index_left": 10504, "index_right": 10768}, "194": {"words": {"even": [4], "power": [8, 178], "industrial": [19, 202], "system": [20, 181, 203], "people": [40, 126], "example": [44], "control": [53], "would": [75, 95, 100, 127, 143, 151, 160], "take": [78], "man": [92], "revolution": [215, 224, 229], "technology": [217]}, "index_left": 10774, "index_right": 12121}, "195": {"words": {"revolution": [1], "must": [2], "example": [29], "technological": [35], "people": [41], "get": [42, 57], "technology": [53, 90, 111], "world": [66, 107, 136, 182], "may": [131, 157], "industrial": [142, 169, 232, 247, 264], "system": [143, 170, 195, 204, 233, 248, 265], "even": [187, 259], "one": [235, 252], "would": [269]}, "index_left": 12127, "index_right": 13738}, "196": {"words": {"world": [10, 68], "may": [41], "industrial": [60], "system": [61], "one": [78]}, "index_left": 13744, "index_right": 14274}, "197": {"words": {"people": [1, 37, 73], "take": [2], "modern": [6, 104, 129, 153], "man": [7, 78, 117, 130], "much": [10, 14], "power": [11, 49, 54, 75, 89, 114, 126, 158, 218], "control": [15, 178], "nature": [17, 91, 133, 220], "human": [31], "industrial": [86], "large": [144], "technology": [160], "system": [181, 210], "need": [185], "individual": [201], "technological": [205]}, "index_left": 14280, "index_right": 15489}, "198": {"words": {"power": [8, 20, 80, 90], "nature": [10, 22, 76], "would": [15], "man": [26, 70], "take": [44], "society": [83, 93], "industrial": [92]}, "index_left": 15495, "index_right": 16021}, "199": {"words": {"one": [8], "power": [13, 29], "freedom": [31]}, "index_left": 16027, "index_right": 16245}, "200": {"words": {"industrial": [2], "system": [3, 13, 96], "must": [14], "goals": [23], "would": [24], "technology": [51, 59, 89, 106, 115, 126], "use": [58], "technological": [84], "modern": [88], "one": [108, 118]}, "index_left": 16251, "index_right": 16963}, "201": {"words": {"example": [2], "social": [8, 22, 104, 124], "nature": [16], "would": [24, 31, 44, 56, 85, 106], "control": [51], "need": [57], "technology": [68, 92], "people": [83], "use": [88], "technological": [115, 143], "system": [116, 144], "must": [129], "effort": [137], "get": [139]}, "index_left": 16969, "index_right": 17802}, "202": {"words": {"would": [1], "system": [11, 47], "without": [12], "modern": [15, 36], "technology": [16, 37], "must": [22], "use": [23, 35], "technological": [46]}, "index_left": 17808, "index_right": 18091}, "203": {"words": {"even": [43], "take": [58], "one": [60], "human": [79], "technology": [82]}, "index_left": 18097, "index_right": 18507}, "204": {"words": {"many": [4], "social": [16, 30, 78, 116], "one": [26, 106], "society": [65], "make": [68], "much": [137]}, "index_left": 18513, "index_right": 19375}, "205": {"words": {"many": [4], "people": [7, 50], "industrial": [15, 58, 102, 108, 130], "system": [16, 59, 103, 109, 131], "problems": [23], "way": [38], "may": [40, 144], "world": [44, 113, 147], "important": [94], "get": [98], "new": [138]}, "index_left": 19381, "index_right": 20257}, "206": {"words": {"must": [20], "modern": [25], "technology": [26], "one": [40], "take": [48]}, "index_left": 20263, "index_right": -1}}, "index_left": 145387, "index_right": 166120}, "TWO KINDS OF TECHNOLOGY": {"paragraphs": {"207": {"words": {"revolution": [9], "technology": [26], "technological": [35]}, "index_left": 7, "index_right": 265}, "208": {"words": {"technology": [6, 13, 16, 19, 21, 34, 36, 55, 59, 85, 121], "without": [29], "social": [41, 64], "make": [106], "system": [145]}, "index_left": 271, "index_right": 1357}, "209": {"words": {"technology": [3, 24, 27, 33, 41], "example": [47], "would": [61, 87, 102, 133, 143], "one": [85], "without": [92, 127], "power": [98], "large": [115], "make": [124], "modern": [128], "get": [135], "much": [145]}, "index_left": 1363, "index_right": 2337}, "210": {"words": {"industrial": [7, 74, 149], "system": [8], "technology": [16, 29, 34, 134], "would": [17, 44, 67, 144], "take": [45], "society": [75, 150, 167], "without": [81], "need": [96], "make": [99, 102, 105], "process": [111], "social": [118], "even": [125], "modern": [164]}, "index_left": 2343, "index_right": 3326}, "211": {"words": {"world": [22], "one": [55], "technological": [87, 107], "society": [90]}, "index_left": 3332, "index_right": 3935}, "212": {"words": {"society": [1], "use": [16], "control": [29], "problems": [40], "must": [41], "people": [47]}, "index_left": 3941, "index_right": -1}}, "index_left": 166144, "index_right": 170365}, "THE DANGER OF LEFTISM": {"paragraphs": {"213": {"words": {"need": [3], "leftists": [13], "psychological": [18], "goals": [30, 58, 64], "leftist": [36, 52, 57], "one": [53]}, "index_left": 7, "index_right": 414}, "214": {"words": {"nature": [8, 35, 62, 78], "technology": [11, 46, 91, 177, 180], "must": [12, 19], "take": [13], "leftists": [24], "human": [38, 65, 81], "freedom": [39], "modern": [45], "world": [59, 100], "society": [85, 130], "without": [101, 117, 132], "make": [111], "people": [113], "one": [115], "psychological": [119], "technological": [135], "leftism": [141], "need": [146], "power": [148, 154, 188], "leftist": [152]}, "index_left": 420, "index_right": 1467}, "215": {"words": {"power": [7], "individual": [15], "control": [30], "technology": [40], "large": [48]}, "index_left": 1473, "index_right": 1748}, "216": {"words": {"leftists": [1, 49, 166, 192, 226], "may": [2], "technology": [6, 228], "technological": [22, 40], "system": [23, 41], "leftism": [30, 71], "society": [35], "use": [54, 232], "power": [116], "much": [148], "leftist": [174], "freedom": [181, 211], "take": [203], "get": [241], "control": [246]}, "index_left": 1754, "index_right": 3110}, "217": {"words": {"leftists": [4, 24, 97], "power": [39], "leftism": [83], "would": [86]}, "index_left": 3116, "index_right": 3686}, "218": {"words": {"leftism": [6, 41, 62, 91, 149, 156], "leftist": [23, 39, 57, 113], "psychological": [44, 71], "much": [46], "people": [54, 124], "many": [121], "leftists": [131, 139], "would": [141], "system": [145], "use": [152]}, "index_left": 3692, "index_right": 4756}, "219": {"words": {"leftism": [7, 40, 53, 157], "power": [13, 65, 75, 89, 168, 202], "leftist": [27, 45, 68, 122, 144, 186, 214, 255], "leftists": [61], "need": [73, 199], "social": [80, 178], "process": [90, 203], "goals": [98, 120, 155, 192], "surrogate": [132], "new": [210], "one": [269], "people": [282, 285, 288, 291], "control": [417]}, "index_left": 4762, "index_right": 7031}, "220": {"words": {"leftists": [3, 44], "make": [5], "society": [16, 74, 93], "social": [24, 55], "change": [25], "would": [45], "new": [48, 54], "leftist": [67], "need": [81], "power": [87]}, "index_left": 7037, "index_right": 7517}, "221": {"words": {"behavior": [9], "many": [17], "leftists": [18], "power": [26, 40], "people": [32], "one": [43]}, "index_left": 7523, "index_right": 7858}, "222": {"words": {"psychological": [36], "leftists": [39], "leftist": [56], "must": [92], "revolution": [119, 141], "technology": [121, 151, 167], "make": [135], "may": [163], "use": [166]}, "index_left": 7864, "index_right": 8820}, "223": {"words": {"may": [2], "leftism": [9, 86, 103], "many": [42], "leftists": [43], "even": [46], "people": [53, 128], "use": [74], "social": [80], "goals": [81], "individual": [94], "leftist": [95]}, "index_left": 8826, "index_right": 9519}, "224": {"words": {"people": [1, 24], "power": [7, 35, 144], "leftist": [9], "leftists": [14, 51, 104], "get": [31], "control": [43], "many": [50, 60]}, "index_left": 9525, "index_right": 10323}, "225": {"words": {"leftists": [14], "would": [32, 41, 54], "many": [47, 156], "world": [87], "leftist": [120], "freedom": [167]}, "index_left": 10329, "index_right": 11315}, "226": {"words": {"many": [4], "individual": [5], "leftists": [6], "people": [13], "leftism": [18]}, "index_left": 11321, "index_right": 11489}, "227": {"words": {"leftism": [3, 39, 137], "much": [31], "leftist": [56, 75, 122, 170], "leftists": [92, 96], "would": [107], "individual": [116], "use": [161]}, "index_left": 11495, "index_right": 12406}, "228": {"words": {"leftism": [11], "may": [28, 40], "without": [34], "leftists": [36, 39], "use": [54]}, "index_left": 12412, "index_right": 12703}, "229": {"words": {"leftist": [1, 169, 210], "individual": [14, 28], "society": [17, 22], "take": [24], "control": [51], "social": [66, 149, 154, 159], "leftists": [100], "change": [150]}, "index_left": 12709, "index_right": 13817}, "230": {"words": {"leftists": [3, 32, 86], "may": [35, 90], "leftism": [51], "work": [54], "psychological": [66], "individual": [75], "system": [78, 128, 159], "people": [123, 154], "control": [125, 156], "way": [134], "leftist": [178], "power": [245]}, "index_left": 13823, "index_right": -1}}, "index_left": 170387, "index_right": 185690}, "FINAL NOTE": {"paragraphs": {"231": {"words": {"may": [31], "need": [42], "one": [72], "must": [73]}, "index_left": 6, "index_right": 590}, "232": {"words": {"one": [24], "needs": [28], "leftism": [36, 128, 147, 187, 208], "modern": [39, 127, 186, 207], "power": [57, 78], "process": [58], "people": [116, 134], "make": [157]}, "index_left": 596, "index_right": -1}}, "index_left": 185701, "index_right": 187510}}