chapter,index_left,index_right
INTRODUCTION,47,2912
THE PSYCHOLOGY OF MODERN LEFTISM,2944,4952
FEELINGS OF INFERIORITY,4975,14051
OVERSOCIALIZATION,14068,22151
THE POWER PROCESS,22168,24242
SURROGATE ACTIVITIES,24262,29458
AUTONOMY,29466,31512
SOURCES OF SOCIAL PROBLEMS,31538,39948
DISRUPTION OF THE POWER PROCESS IN MODERN SOCIETY,39997,53952
HOW SOME PEOPLE ADJUST,53974,61371
THE MOTIVES OF SCIENTISTS,61396,65780
THE NATURE OF FREEDOM,65801,72100
SOME PRINCIPLES OF HISTORY,72126,78578
INDUSTRIAL-TECHNOLOGICAL SOCIETY CANNOT BE REFORMED,78629,80937
RESTRICTION OF FREEDOM IS UNAVOIDABLE IN INDUSTRIAL SOCIETY,80996,89028
THE ‘BAD’ PARTS OF TECHNOLOGY CANNOT BE SEPARATED FROM THE ‘GOOD’ PARTS,89099,92695
TECHNOLOGY IS A MORE POWERFUL SOCIAL FORCE THAN THE ASPIRATION FOR FREEDOM,92769,103993
SIMPLER SOCIAL PROBLEMS HAVE PROVED INTRACTABLE,104040,107174
REVOLUTION IS EASIER THAN REFORM,107206,109555
CONTROL OF HUMAN BEHAVIOR,109580,125838
HUMAN RACE AT A CROSSROADS,125864,131483
HUMAN SUFFERING,131498,136679
THE FUTURE,136689,145379
STRATEGY,145387,166121
TWO KINDS OF TECHNOLOGY,166144,170366
THE DANGER OF LEFTISM,170387,185691
FINAL NOTE,185701,187511
