index,rank,word
264,0,society
2073,0,society
2228,0,society
3010,0,society
3221,0,society
7046,0,society
9097,0,society
11166,0,society
11293,0,society
13708,0,society
14192,0,society
14298,0,society
14353,0,society
14592,0,society
15351,0,society
15452,0,society
15695,0,society
16593,0,society
17247,0,society
17493,0,society
17711,0,society
17967,0,society
17991,0,society
18079,0,society
18459,0,society
18512,0,society
18697,0,society
20646,0,society
20762,0,society
21758,0,society
21941,0,society
21962,0,society
22030,0,society
26687,0,society
27041,0,society
27212,0,society
27260,0,society
29118,0,society
29233,0,society
31591,0,society
31625,0,society
32346,0,society
32421,0,society
32451,0,society
32894,0,society
33137,0,society
34550,0,society
34625,0,society
34999,0,society
35065,0,society
35537,0,society
35637,0,society
36283,0,society
36501,0,society
37740,0,society
38212,0,society
38292,0,society
39307,0,society
39404,0,society
39548,0,society
39759,0,society
40488,0,society
40803,0,society
41505,0,society
42663,0,society
43046,0,society
44252,0,society
45247,0,society
48836,0,society
49556,0,society
49577,0,society
51500,0,society
53734,0,society
54021,0,society
54118,0,society
54228,0,society
57078,0,society
58440,0,society
58718,0,society
60160,0,society
61066,0,society
61142,0,society
65859,0,society
67028,0,society
67201,0,society
67279,0,society
67589,0,society
68702,0,society
70658,0,society
70743,0,society
71429,0,society
72680,0,society
72842,0,society
72927,0,society
73056,0,society
73689,0,society
73727,0,society
74012,0,society
74243,0,society
74375,0,society
74455,0,society
74683,0,society
75075,0,society
75379,0,society
75539,0,society
75670,0,society
75899,0,society
75929,0,society
76118,0,society
76451,0,society
76534,0,society
76735,0,society
76762,0,society
78332,0,society
79137,0,society
79315,0,society
79381,0,society
80237,0,society
80409,0,society
80519,0,society
80727,0,society
81355,0,society
82009,0,society
83086,0,society
83347,0,society
83557,0,society
83685,0,society
83850,0,society
84573,0,society
87304,0,society
88624,0,society
89138,0,society
89666,0,society
92138,0,society
94380,0,society
95959,0,society
96400,0,society
97475,0,society
101821,0,society
104243,0,society
107549,0,society
109131,0,society
109480,0,society
109786,0,society
109979,0,society
110457,0,society
110636,0,society
110913,0,society
111110,0,society
111443,0,society
111522,0,society
112016,0,society
115144,0,society
115735,0,society
116246,0,society
117663,0,society
118278,0,society
119069,0,society
120546,0,society
120791,0,society
121084,0,society
121655,0,society
122300,0,society
122405,0,society
122593,0,society
123564,0,society
124934,0,society
130532,0,society
131177,0,society
131309,0,society
133777,0,society
133941,0,society
135212,0,society
135357,0,society
136180,0,society
136497,0,society
136561,0,society
136728,0,society
138166,0,society
140344,0,society
141729,0,society
141791,0,society
141964,0,society
142184,0,society
145901,0,society
146193,0,society
146213,0,society
146898,0,society
146949,0,society
147079,0,society
147163,0,society
147248,0,society
147306,0,society
147875,0,society
148613,0,society
148820,0,society
149008,0,society
149071,0,society
149297,0,society
149465,0,society
149559,0,society
150140,0,society
153455,0,society
161329,0,society
161399,0,society
164278,0,society
168905,0,society
169300,0,society
169386,0,society
169931,0,society
170091,0,society
171282,0,society
171523,0,society
172341,0,society
177505,0,society
177803,0,society
177895,0,society
183203,0,society
183227,0,society
868,1,system
1250,1,system
1350,1,system
1435,1,system
1518,1,system
1726,1,system
1988,1,system
2369,1,system
10161,1,system
18319,1,system
19040,1,system
20094,1,system
20106,1,system
20479,1,system
35690,1,system
35841,1,system
35921,1,system
36189,1,system
36411,1,system
36612,1,system
43622,1,system
44327,1,system
44662,1,system
44797,1,system
44962,1,system
45010,1,system
49687,1,system
49837,1,system
50010,1,system
50315,1,system
53834,1,system
59790,1,system
60782,1,system
68421,1,system
70189,1,system
73740,1,system
77031,1,system
77097,1,system
77453,1,system
78735,1,system
78945,1,system
79657,1,system
80036,1,system
81368,1,system
81682,1,system
82230,1,system
82337,1,system
82472,1,system
83222,1,system
84586,1,system
85050,1,system
85108,1,system
85171,1,system
85480,1,system
85615,1,system
85728,1,system
85779,1,system
85859,1,system
85987,1,system
86027,1,system
86101,1,system
86146,1,system
86359,1,system
86485,1,system
86564,1,system
87408,1,system
87538,1,system
88338,1,system
88483,1,system
88814,1,system
89224,1,system
89756,1,system
89886,1,system
92681,1,system
94029,1,system
97858,1,system
97935,1,system
98002,1,system
98224,1,system
98969,1,system
101102,1,system
102618,1,system
102885,1,system
103846,1,system
104112,1,system
104358,1,system
106462,1,system
106531,1,system
106629,1,system
106774,1,system
106893,1,system
107259,1,system
107406,1,system
108254,1,system
108686,1,system
112714,1,system
113882,1,system
113917,1,system
114167,1,system
114292,1,system
114501,1,system
114536,1,system
114952,1,system
115134,1,system
115290,1,system
115475,1,system
116440,1,system
116962,1,system
116974,1,system
117215,1,system
117345,1,system
117818,1,system
117945,1,system
120046,1,system
120631,1,system
121066,1,system
121185,1,system
121263,1,system
121331,1,system
121399,1,system
122466,1,system
123415,1,system
126112,1,system
126386,1,system
126664,1,system
126811,1,system
126963,1,system
127083,1,system
127266,1,system
127526,1,system
127839,1,system
128143,1,system
129151,1,system
129341,1,system
129410,1,system
130199,1,system
130214,1,system
130833,1,system
130931,1,system
131201,1,system
131386,1,system
131519,1,system
131738,1,system
132544,1,system
132640,1,system
132797,1,system
133433,1,system
133490,1,system
133508,1,system
135527,1,system
136828,1,system
136880,1,system
137173,1,system
138519,1,system
139063,1,system
139354,1,system
141011,1,system
141452,1,system
141600,1,system
141932,1,system
143644,1,system
143836,1,system
145344,1,system
145993,1,system
146010,1,system
146551,1,system
148114,1,system
148205,1,system
148954,1,system
149612,1,system
150787,1,system
150953,1,system
152290,1,system
153267,1,system
155275,1,system
155795,1,system
155835,1,system
156290,1,system
157191,1,system
157314,1,system
158287,1,system
158433,1,system
158569,1,system
158620,1,system
158757,1,system
158856,1,system
158937,1,system
159017,1,system
159497,1,system
160145,1,system
160644,1,system
160803,1,system
161659,1,system
161719,1,system
162180,1,system
162811,1,system
163035,1,system
163181,1,system
163257,1,system
163470,1,system
164856,1,system
165075,1,system
165338,1,system
165374,1,system
165486,1,system
167355,1,system
168525,1,system
172267,1,system
172376,1,system
174826,1,system
184697,1,system
184968,1,system
185135,1,system
1392,2,people
6384,2,people
12862,2,people
12986,2,people
13223,2,people
13409,2,people
13590,2,people
14831,2,people
15193,2,people
15783,2,people
16647,2,people
17811,2,people
18813,2,people
19136,2,people
19904,2,people
24493,2,people
25253,2,people
26381,2,people
27805,2,people
28067,2,people
28339,2,people
28440,2,people
28598,2,people
28907,2,people
29241,2,people
29370,2,people
29564,2,people
29763,2,people
29932,2,people
30923,2,people
32314,2,people
32468,2,people
32911,2,people
33952,2,people
34102,2,people
34191,2,people
39429,2,people
41581,2,people
41947,2,people
42396,2,people
42646,2,people
43125,2,people
43653,2,people
43892,2,people
44716,2,people
44758,2,people
45596,2,people
45680,2,people
45747,2,people
50570,2,people
50889,2,people
52181,2,people
52710,2,people
53597,2,people
53663,2,people
54071,2,people
54175,2,people
54745,2,people
54795,2,people
55469,2,people
55555,2,people
56484,2,people
57496,2,people
57710,2,people
57779,2,people
57915,2,people
58426,2,people
58527,2,people
58666,2,people
58771,2,people
59369,2,people
59451,2,people
60143,2,people
60281,2,people
61031,2,people
66656,2,people
69460,2,people
70253,2,people
70949,2,people
71383,2,people
71679,2,people
71721,2,people
71920,2,people
77413,2,people
80316,2,people
81444,2,people
82357,2,people
82835,2,people
83307,2,people
83822,2,people
83947,2,people
83995,2,people
84651,2,people
84772,2,people
85277,2,people
86117,2,people
86206,2,people
86312,2,people
86435,2,people
92359,2,people
92484,2,people
95090,2,people
95986,2,people
97005,2,people
97613,2,people
97770,2,people
100231,2,people
104739,2,people
106139,2,people
107148,2,people
108120,2,people
108424,2,people
108591,2,people
109140,2,people
110158,2,people
110935,2,people
111497,2,people
112983,2,people
113167,2,people
117233,2,people
118356,2,people
120858,2,people
121017,2,people
122279,2,people
122329,2,people
122651,2,people
123261,2,people
124511,2,people
126749,2,people
126907,2,people
127766,2,people
128813,2,people
129448,2,people
130650,2,people
131912,2,people
133651,2,people
138283,2,people
140099,2,people
140812,2,people
141548,2,people
141712,2,people
142075,2,people
142280,2,people
142800,2,people
143070,2,people
145480,2,people
148219,2,people
149644,2,people
149751,2,people
150255,2,people
150648,2,people
150742,2,people
151001,2,people
151042,2,people
151103,2,people
151821,2,people
152057,2,people
152557,2,people
152915,2,people
153200,2,people
153406,2,people
153622,2,people
154588,2,people
155435,2,people
156387,2,people
156880,2,people
157744,2,people
159672,2,people
159843,2,people
160068,2,people
162844,2,people
164800,2,people
165022,2,people
170330,2,people
171425,2,people
174382,2,people
174717,2,people
176657,2,people
176669,2,people
176681,2,people
176694,2,people
178099,2,people
179461,2,people
179873,2,people
179916,2,people
180048,2,people
181792,2,people
184940,2,people
185107,2,people
186935,2,people
187041,2,people
5137,3,power
10485,3,power
11605,3,power
12770,3,power
13546,3,power
15268,3,power
16696,3,power
22264,3,power
22320,3,power
22392,3,power
22898,3,power
23250,3,power
23402,3,power
23425,3,power
23497,3,power
28495,3,power
29498,3,power
30046,3,power
30223,3,power
30531,3,power
30600,3,power
30745,3,power
30799,3,power
30948,3,power
31077,3,power
31159,3,power
31242,3,power
32815,3,power
32985,3,power
33942,3,power
34017,3,power
39072,3,power
39484,3,power
39585,3,power
39689,3,power
39932,3,power
40264,3,power
41387,3,power
41741,3,power
41860,3,power
42216,3,power
42454,3,power
43318,3,power
45213,3,power
45960,3,power
46467,3,power
47505,3,power
49428,3,power
50650,3,power
51361,3,power
51772,3,power
51970,3,power
52360,3,power
52514,3,power
53027,3,power
53084,3,power
53394,3,power
53638,3,power
54314,3,power
54355,3,power
54411,3,power
54481,3,power
54885,3,power
55649,3,power
55987,3,power
56116,3,power
56521,3,power
56560,3,power
56631,3,power
56990,3,power
57303,3,power
57400,3,power
57514,3,power
57759,3,power
57882,3,power
57949,3,power
59106,3,power
60198,3,power
60305,3,power
60552,3,power
61236,3,power
63608,3,power
63934,3,power
64156,3,power
64478,3,power
65371,3,power
65435,3,power
66175,3,power
66618,3,power
66633,3,power
66671,3,power
66804,3,power
66881,3,power
68121,3,power
68171,3,power
70159,3,power
82043,3,power
92277,3,power
92894,3,power
93100,3,power
93129,3,power
93205,3,power
93345,3,power
93500,3,power
93651,3,power
96891,3,power
97414,3,power
102430,3,power
103156,3,power
104755,3,power
108862,3,power
111269,3,power
114333,3,power
117322,3,power
124250,3,power
128839,3,power
129040,3,power
129795,3,power
130658,3,power
137775,3,power
137871,3,power
137942,3,power
140201,3,power
140259,3,power
141651,3,power
142040,3,power
142127,3,power
142235,3,power
142346,3,power
143891,3,power
148101,3,power
148192,3,power
153421,3,power
154355,3,power
154459,3,power
154563,3,power
154776,3,power
154987,3,power
155064,3,power
155410,3,power
156227,3,power
157175,3,power
159722,3,power
159928,3,power
159962,3,power
160031,3,power
160080,3,power
160164,3,power
160285,3,power
160349,3,power
160522,3,power
160781,3,power
160847,3,power
160947,3,power
161001,3,power
161310,3,power
161379,3,power
161437,3,power
161492,3,power
161581,3,power
168111,3,power
171619,3,power
171648,3,power
171847,3,power
171889,3,power
172786,3,power
173548,3,power
173740,3,power
175219,3,power
175519,3,power
175568,3,power
175651,3,power
176035,3,power
176208,3,power
177860,3,power
178070,3,power
178133,3,power
179948,3,power
180007,3,power
180035,3,power
180109,3,power
180125,3,power
180572,3,power
180698,3,power
184267,3,power
185636,3,power
186598,3,power
186712,3,power
186889,3,power
4121,4,would
7540,4,would
13085,4,would
13162,4,would
13354,4,would
13760,4,would
21501,4,would
24725,4,would
25781,4,would
26170,4,would
26442,4,would
28447,4,would
34305,4,would
35866,4,would
39095,4,would
54523,4,would
61103,4,would
62534,4,would
62763,4,would
62820,4,would
68924,4,would
69014,4,would
69218,4,would
70168,4,would
71900,4,would
73419,4,would
73504,4,would
75453,4,would
77660,4,would
77714,4,would
77766,4,would
78701,4,would
79070,4,would
79181,4,would
79279,4,would
79389,4,would
79478,4,would
79569,4,would
79603,4,would
79631,4,would
79691,4,would
79806,4,would
80250,4,would
80564,4,would
80582,4,would
80755,4,would
81509,4,would
81664,4,would
84795,4,would
87204,4,would
88212,4,would
89897,4,would
91074,4,would
91198,4,would
91269,4,would
91351,4,would
91485,4,would
91612,4,would
91787,4,would
91962,4,would
91990,4,would
92300,4,would
96412,4,would
97915,4,would
98623,4,would
98892,4,would
100803,4,would
100895,4,would
100968,4,would
101518,4,would
101693,4,would
101754,4,would
101855,4,would
101918,4,would
104080,4,would
108196,4,would
108781,4,would
111715,4,would
118591,4,would
119640,4,would
120336,4,would
120387,4,would
123118,4,would
123431,4,would
124356,4,would
124482,4,would
125181,4,would
127902,4,would
127973,4,would
130390,4,would
130464,4,would
132705,4,would
133497,4,would
136505,4,would
136569,4,would
137650,4,would
137728,4,would
137848,4,would
137920,4,would
138086,4,would
138792,4,would
142807,4,would
143077,4,would
143139,4,would
145301,4,would
146122,4,would
151429,4,would
153646,4,would
156573,4,would
156690,4,would
156721,4,would
156887,4,would
156982,4,would
157012,4,would
157065,4,would
158968,4,would
160978,4,would
161778,4,would
162480,4,would
162519,4,would
162589,4,would
162658,4,would
162856,4,would
162976,4,would
163198,4,would
167905,4,would
168048,4,would
168126,4,would
168294,4,would
168346,4,would
168591,4,would
168740,4,would
168863,4,would
169255,4,would
173980,4,would
174801,4,would
177659,4,would
179539,4,would
180897,4,would
180950,4,would
181013,4,would
182478,4,would
128,5,human
317,5,human
592,5,human
1125,5,human
11023,5,human
16816,5,human
24113,5,human
27354,5,human
31784,5,human
32547,5,human
32641,5,human
34544,5,human
40013,5,human
40504,5,human
45386,5,human
46706,5,human
57597,5,human
61574,5,human
63120,5,human
63238,5,human
63673,5,human
63744,5,human
63783,5,human
63967,5,human
64198,5,human
64438,5,human
65588,5,human
65960,5,human
74610,5,human
74639,5,human
74840,5,human
75168,5,human
81391,5,human
82439,5,human
82657,5,human
82932,5,human
83246,5,human
85524,5,human
85552,5,human
85884,5,human
86071,5,human
86773,5,human
87150,5,human
90561,5,human
91000,5,human
91420,5,human
92046,5,human
97228,5,human
99435,5,human
101574,5,human
102738,5,human
105793,5,human
106645,5,human
106912,5,human
109673,5,human
109945,5,human
110011,5,human
110210,5,human
110661,5,human
110883,5,human
111989,5,human
115443,5,human
115598,5,human
115707,5,human
115939,5,human
115974,5,human
116336,5,human
116505,5,human
117050,5,human
117398,5,human
117460,5,human
117528,5,human
117718,5,human
117868,5,human
117891,5,human
118011,5,human
118135,5,human
118206,5,human
118427,5,human
118602,5,human
119201,5,human
120347,5,human
121817,5,human
123242,5,human
123679,5,human
123750,5,human
124199,5,human
124293,5,human
124398,5,human
124632,5,human
124737,5,human
125054,5,human
125152,5,human
125729,5,human
126023,5,human
126644,5,human
126731,5,human
127220,5,human
127319,5,human
127736,5,human
128091,5,human
128717,5,human
129215,5,human
129997,5,human
130072,5,human
130453,5,human
130856,5,human
135736,5,human
136602,5,human
137075,5,human
137200,5,human
137340,5,human
137365,5,human
137639,5,human
137717,5,human
137837,5,human
137980,5,human
138558,5,human
138861,5,human
139259,5,human
139437,5,human
139459,5,human
139581,5,human
139762,5,human
140308,5,human
140571,5,human
140719,5,human
142596,5,human
142781,5,human
143025,5,human
144488,5,human
144883,5,human
145031,5,human
147646,5,human
147675,5,human
147739,5,human
147810,5,human
148607,5,human
148674,5,human
148814,5,human
149527,5,human
156845,5,human
159817,5,human
163818,5,human
171029,5,human
171179,5,human
171258,5,human
1640,6,one
2961,6,one
3675,6,one
3702,6,one
5407,6,one
6207,6,one
9119,6,one
9157,6,one
9575,6,one
9727,6,one
9922,6,one
10364,6,one
11805,6,one
12723,6,one
12931,6,one
13947,6,one
14624,6,one
14723,6,one
14744,6,one
15492,6,one
15940,6,one
16840,6,one
18895,6,one
20717,6,one
20748,6,one
22510,6,one
22712,6,one
23491,6,one
23514,6,one
26613,6,one
26739,6,one
27026,6,one
27063,6,one
27452,6,one
28284,6,one
28699,6,one
28774,6,one
28786,6,one
31102,6,one
32942,6,one
36333,6,one
38258,6,one
38557,6,one
38824,6,one
39051,6,one
39568,6,one
40249,6,one
40862,6,one
42077,6,one
43559,6,one
43739,6,one
44912,6,one
45439,6,one
45495,6,one
47676,6,one
48951,6,one
48977,6,one
49020,6,one
49134,6,one
49177,6,one
49231,6,one
49871,6,one
51121,6,one
51640,6,one
52206,6,one
52619,6,one
53068,6,one
53550,6,one
53989,6,one
55217,6,one
55588,6,one
55772,6,one
56974,6,one
59530,6,one
59698,6,one
61217,6,one
64083,6,one
64825,6,one
65177,6,one
66318,6,one
66484,6,one
66578,6,one
66709,6,one
66757,6,one
66815,6,one
67512,6,one
68432,6,one
68454,6,one
68834,6,one
70998,6,one
71010,6,one
71037,6,one
72177,6,one
72200,6,one
72298,6,one
72732,6,one
74193,6,one
75883,6,one
77986,6,one
78405,6,one
78455,6,one
78486,6,one
78535,6,one
79203,6,one
84069,6,one
84359,6,one
85250,6,one
86179,6,one
86596,6,one
86740,6,one
86971,6,one
87089,6,one
87585,6,one
87652,6,one
87914,6,one
88877,6,one
89267,6,one
90094,6,one
91999,6,one
93080,6,one
93138,6,one
93188,6,one
93214,6,one
93287,6,one
93509,6,one
94166,6,one
94214,6,one
94226,6,one
94592,6,one
94617,6,one
94630,6,one
94645,6,one
96280,6,one
96475,6,one
97523,6,one
98026,6,one
101717,6,one
101783,6,one
103483,6,one
103779,6,one
104053,6,one
105050,6,one
105205,6,one
108039,6,one
108346,6,one
109782,6,one
111943,6,one
114814,6,one
115674,6,one
115843,6,one
116212,6,one
118639,6,one
118891,6,one
122582,6,one
122997,6,one
123063,6,one
124227,6,one
124809,6,one
125916,6,one
126921,6,one
128473,6,one
133022,6,one
134261,6,one
134305,6,one
135184,6,one
135877,6,one
136234,6,one
137143,6,one
138434,6,one
139804,6,one
139922,6,one
139978,6,one
141421,6,one
142424,6,one
142920,6,one
143549,6,one
146440,6,one
146963,6,one
147426,6,one
149092,6,one
150203,6,one
152167,6,one
153146,6,one
153279,6,one
153329,6,one
154212,6,one
154471,6,one
155303,6,one
158768,6,one
158884,6,one
159586,6,one
161466,6,one
162233,6,one
162243,6,one
162292,6,one
163734,6,one
164058,6,one
164488,6,one
165385,6,one
165876,6,one
168041,6,one
168435,6,one
169251,6,one
169739,6,one
170719,6,one
171437,6,one
172995,6,one
173134,6,one
173295,6,one
173443,6,one
174690,6,one
175783,6,one
176423,6,one
176581,6,one
177167,6,one
178148,6,one
178240,6,one
183345,6,one
184111,6,one
186121,6,one
186427,6,one
186468,6,one
186753,6,one
528,7,technology
33745,7,technology
33858,7,technology
34967,7,technology
61414,7,technology
65347,7,technology
78916,7,technology
79059,7,technology
80178,7,technology
80279,7,technology
80791,7,technology
85228,7,technology
85755,7,technology
88896,7,technology
88956,7,technology
89200,7,technology
89320,7,technology
92289,7,technology
92832,7,technology
92864,7,technology
93581,7,technology
93630,7,technology
95787,7,technology
95940,7,technology
97393,7,technology
97826,7,technology
98136,7,technology
100940,7,technology
101235,7,technology
101682,7,technology
102409,7,technology
103170,7,technology
104160,7,technology
106001,7,technology
107328,7,technology
108361,7,technology
108770,7,technology
110840,7,technology
115748,7,technology
121537,7,technology
121628,7,technology
121766,7,technology
121803,7,technology
123600,7,technology
125687,7,technology
127954,7,technology
128627,7,technology
131147,7,technology
132042,7,technology
132353,7,technology
134449,7,technology
136134,7,technology
144856,7,technology
145963,7,technology
146082,7,technology
148035,7,technology
148141,7,technology
148393,7,technology
149713,7,technology
149941,7,technology
151636,7,technology
154390,7,technology
154437,7,technology
154604,7,technology
155443,7,technology
156110,7,technology
157401,7,technology
157812,7,technology
157988,7,technology
158101,7,technology
160531,7,technology
161940,7,technology
161980,7,technology
162137,7,technology
162221,7,technology
162274,7,technology
162338,7,technology
162745,7,technology
162905,7,technology
163290,7,technology
163409,7,technology
163834,7,technology
165805,7,technology
166287,7,technology
166451,7,technology
166494,7,technology
166532,7,technology
166556,7,technology
166570,7,technology
166676,7,technology
166690,7,technology
166816,7,technology
166855,7,technology
167007,7,technology
167212,7,technology
167522,7,technology
167642,7,technology
167669,7,technology
167697,7,technology
167776,7,technology
168580,7,technology
168663,7,technology
168689,7,technology
169201,7,technology
170864,7,technology
171078,7,technology
171316,7,technology
171777,7,technology
171797,7,technology
172060,7,technology
172174,7,technology
173398,7,technology
178891,7,technology
179056,7,technology
179129,7,technology
764,8,may
875,8,may
893,8,may
1750,8,may
1757,8,may
1790,8,may
1810,8,may
7969,8,may
12277,8,may
12444,8,may
14365,8,may
20397,8,may
22682,8,may
23067,8,may
27817,8,may
27916,8,may
29512,8,may
38939,8,may
40960,8,may
42404,8,may
42921,8,may
45754,8,may
46164,8,may
46490,8,may
47438,8,may
48807,8,may
48955,8,may
48981,8,may
49119,8,may
54361,8,may
54802,8,may
54972,8,may
56078,8,may
56142,8,may
56200,8,may
64870,8,may
64965,8,may
66568,8,may
66887,8,may
71394,8,may
78266,8,may
82095,8,may
85356,8,may
85689,8,may
90220,8,may
106315,8,may
106749,8,may
108598,8,may
109289,8,may
110808,8,may
115895,8,may
118847,8,may
119094,8,may
124167,8,may
124174,8,may
128150,8,may
128203,8,may
130239,8,may
130540,8,may
132563,8,may
132880,8,may
133249,8,may
138459,8,may
138893,8,may
138939,8,may
139392,8,may
139471,8,may
139697,8,may
139986,8,may
140321,8,may
141760,8,may
141799,8,may
142495,8,may
144224,8,may
144820,8,may
146093,8,may
149567,8,may
152264,8,may
154663,8,may
156004,8,may
156011,8,may
158228,8,may
158368,8,may
159363,8,may
160969,8,may
164977,8,may
165570,8,may
172155,8,may
179113,8,may
179226,8,may
182945,8,may
183013,8,may
184401,8,may
184749,8,may
185598,8,may
185891,8,may
3214,9,modern
4334,9,modern
4469,9,modern
4677,9,modern
4797,9,modern
4895,9,modern
5226,9,modern
5377,9,modern
9465,9,modern
10096,9,modern
16920,9,modern
17038,9,modern
20755,9,modern
21671,9,modern
26669,9,modern
27253,9,modern
31607,9,modern
31945,9,modern
32339,9,modern
32414,9,modern
32887,9,modern
33119,9,modern
33725,9,modern
34525,9,modern
34618,9,modern
35383,9,modern
35630,9,modern
36276,9,modern
37008,9,modern
38102,9,modern
38344,9,modern
38794,9,modern
39397,9,modern
39541,9,modern
39741,9,modern
40470,9,modern
40796,9,modern
41498,9,modern
42656,9,modern
43002,9,modern
43039,9,modern
46556,9,modern
46618,9,modern
47162,9,modern
47768,9,modern
48158,9,modern
48298,9,modern
48630,9,modern
48765,9,modern
48829,9,modern
49275,9,modern
51163,9,modern
51493,9,modern
52174,9,modern
52703,9,modern
53260,9,modern
54221,9,modern
60153,9,modern
67707,9,modern
80784,9,modern
81044,9,modern
85152,9,modern
89193,9,modern
89370,9,modern
96393,9,modern
110833,9,modern
111515,9,modern
112009,9,modern
112817,9,modern
113160,9,modern
120700,9,modern
120833,9,modern
159698,9,modern
160220,9,modern
160359,9,modern
160490,9,modern
162130,9,modern
163283,9,modern
163402,9,modern
165798,9,modern
168266,9,modern
169371,9,modern
171071,9,modern
186507,9,modern
186994,9,modern
187300,9,modern
187412,9,modern
710,10,social
1214,10,social
3360,10,social
3527,10,social
4735,10,social
4834,10,social
8449,10,social
12589,10,social
13723,10,social
14102,10,social
14237,10,social
14418,10,social
14852,10,social
15164,10,social
15214,10,social
15359,10,social
15654,10,social
15748,10,social
16044,10,social
16174,10,social
16336,10,social
16391,10,social
16500,10,social
16636,10,social
16761,10,social
16939,10,social
16969,10,social
17074,10,social
17221,10,social
17320,10,social
18365,10,social
18615,10,social
18977,10,social
19676,10,social
20418,10,social
20579,10,social
20691,10,social
21041,10,social
21979,10,social
27567,10,social
28024,10,social
29341,10,social
32377,10,social
33014,10,social
33234,10,social
35286,10,social
35335,10,social
36727,10,social
37408,10,social
39360,10,social
41672,10,social
42541,10,social
47404,10,social
51963,10,social
54958,10,social
59377,10,social
60828,10,social
69712,10,social
69845,10,social
71239,10,social
71785,10,social
71884,10,social
71954,10,social
72010,10,social
72084,10,social
73018,10,social
75123,10,social
75323,10,social
85668,10,social
88328,10,social
92903,10,social
93660,10,social
97423,10,social
98658,10,social
101119,10,social
101270,10,social
101493,10,social
101735,10,social
102058,10,social
102439,10,social
102801,10,social
104272,10,social
105290,10,social
105721,10,social
105884,10,social
107061,10,social
107135,10,social
107966,10,social
109724,10,social
111689,10,social
117076,10,social
117811,10,social
119308,10,social
126105,10,social
127723,10,social
130904,10,social
133856,10,social
135065,10,social
135520,10,social
143974,10,social
144915,10,social
145857,10,social
148505,10,social
148947,10,social
150361,10,social
153226,10,social
154317,10,social
155335,10,social
162407,10,social
162465,10,social
162961,10,social
163077,10,social
163999,10,social
164078,10,social
164337,10,social
164541,10,social
166729,10,social
166888,10,social
169117,10,social
175604,10,social
176089,10,social
177552,10,social
177712,10,social
177999,10,social
178040,10,social
178289,10,social
179595,10,social
183465,10,social
183848,10,social
183865,10,social
183883,10,social
184420,10,social
184639,10,social
185275,10,social
185365,10,social
185421,10,social
186660,10,social
1142,11,many
6954,11,many
10891,11,many
12305,11,many
14396,11,many
16416,11,many
16627,11,many
21334,11,many
24618,11,many
24855,11,many
27800,11,many
28322,11,many
28578,11,many
37491,11,many
41942,11,many
42391,11,many
42641,11,many
44399,11,many
44704,11,many
47215,11,many
48695,11,many
48871,11,many
49250,11,many
49379,11,many
57321,11,many
58421,11,many
59170,11,many
59446,11,many
60138,11,many
60994,11,many
63849,11,many
64807,11,many
65396,11,many
66035,11,many
67399,11,many
69039,11,many
69182,11,many
71716,11,many
71859,11,many
85879,11,many
86307,11,many
90371,11,many
92366,11,many
95921,11,many
96504,11,many
98303,11,many
108419,11,many
112200,11,many
113742,11,many
114823,11,many
118400,11,many
119728,11,many
120460,11,many
120875,11,many
122274,11,many
126411,11,many
130645,11,many
131907,11,many
133104,11,many
140807,11,many
143065,11,many
148650,11,many
154948,11,many
155099,11,many
163931,11,many
164788,11,many
174705,11,many
178014,11,many
179399,11,many
180193,11,many
180253,11,many
180980,11,many
181584,11,many
181727,11,many
17867,12,freedom
59840,12,freedom
65966,12,freedom
65989,12,freedom
66084,12,freedom
66124,12,freedom
66743,12,freedom
66936,12,freedom
67176,12,freedom
67572,12,freedom
67988,12,freedom
68241,12,freedom
69620,12,freedom
69782,12,freedom
69792,12,freedom
69940,12,freedom
69998,12,freedom
70414,12,freedom
70886,12,freedom
70985,12,freedom
71077,12,freedom
71570,12,freedom
71756,12,freedom
78816,12,freedom
78981,12,freedom
79046,12,freedom
79561,12,freedom
79908,12,freedom
80125,12,freedom
80266,12,freedom
80771,12,freedom
80883,12,freedom
81845,12,freedom
89177,12,freedom
91225,12,freedom
91982,12,freedom
92847,12,freedom
92946,12,freedom
93596,12,freedom
93697,12,freedom
93765,12,freedom
94106,12,freedom
94128,12,freedom
94431,12,freedom
95433,12,freedom
96119,12,freedom
98103,12,freedom
98292,12,freedom
98615,12,freedom
98701,12,freedom
99281,12,freedom
100065,12,freedom
100519,12,freedom
100762,12,freedom
101650,12,freedom
101891,12,freedom
102476,12,freedom
103126,12,freedom
103983,12,freedom
104147,12,freedom
105988,12,freedom
106072,12,freedom
106550,12,freedom
107014,12,freedom
107315,12,freedom
118141,12,freedom
128492,12,freedom
128898,12,freedom
133080,12,freedom
133116,12,freedom
153969,12,freedom
161591,12,freedom
171035,12,freedom
173153,12,freedom
173315,12,freedom
181659,12,freedom
843,13,industrial
1715,13,industrial
1977,13,industrial
2344,13,industrial
20069,13,industrial
26676,13,industrial
31614,13,industrial
33126,13,industrial
33555,13,industrial
36301,13,industrial
36490,13,industrial
36860,13,industrial
39296,13,industrial
39748,13,industrial
40477,13,industrial
49545,13,industrial
53996,13,industrial
61041,13,industrial
65834,13,industrial
78724,13,industrial
81984,13,industrial
88613,13,industrial
89127,13,industrial
92655,13,industrial
102593,13,industrial
103835,13,industrial
107381,13,industrial
108661,13,industrial
116235,13,industrial
117638,13,industrial
123553,13,industrial
130521,13,industrial
130822,13,industrial
131166,13,industrial
131298,13,industrial
131508,13,industrial
132241,13,industrial
133766,13,industrial
133930,13,industrial
136486,13,industrial
136717,13,industrial
143618,13,industrial
145890,13,industrial
145982,13,industrial
148997,13,industrial
149199,13,industrial
149286,13,industrial
149601,13,industrial
150129,13,industrial
150776,13,industrial
153444,13,industrial
155769,13,industrial
156279,13,industrial
157303,13,industrial
158276,13,industrial
158422,13,industrial
158746,13,industrial
158845,13,industrial
158873,13,industrial
158926,13,industrial
159486,13,industrial
159637,13,industrial
160134,13,industrial
161388,13,industrial
161648,13,industrial
164845,13,industrial
165064,13,industrial
165327,13,industrial
165363,13,industrial
165475,13,industrial
167878,13,industrial
168514,13,industrial
168894,13,industrial
169289,13,industrial
170134,13,industrial
1838,14,process
14134,14,process
22270,14,process
22398,14,process
28501,14,process
29504,14,process
30052,14,process
30229,14,process
30954,14,process
31165,14,process
31248,14,process
32821,14,process
32991,14,process
39078,14,process
39490,14,process
39591,14,process
39695,14,process
39938,14,process
40270,14,process
40285,14,process
41393,14,process
41747,14,process
41866,14,process
42222,14,process
42460,14,process
43324,14,process
45219,14,process
49434,14,process
51367,14,process
51778,14,process
51913,14,process
52366,14,process
52520,14,process
53090,14,process
53400,14,process
53644,14,process
54417,14,process
54487,14,process
54891,14,process
55655,14,process
55993,14,process
56122,14,process
56996,14,process
57309,14,process
57406,14,process
57955,14,process
59112,14,process
60204,14,process
60311,14,process
61242,14,process
64484,14,process
66181,14,process
75110,14,process
96925,14,process
105186,14,process
105445,14,process
111275,14,process
112253,14,process
117328,14,process
119297,14,process
119357,14,process
131806,14,process
132226,14,process
140207,14,process
145215,14,process
169069,14,process
175657,14,process
176214,14,process
186604,14,process
9163,15,need
9325,15,need
10353,15,need
13388,15,need
13537,15,need
21132,15,need
22194,15,need
22311,15,need
22514,15,need
22572,15,need
23305,15,need
24125,15,need
24558,15,need
24978,15,need
25668,15,need
26624,15,need
26754,15,need
26905,15,need
27845,15,need
27866,15,need
27989,15,need
28482,15,need
29084,15,need
29137,15,need
29170,15,need
29280,15,need
29571,15,need
30033,15,need
30210,15,need
30489,15,need
39059,15,need
40922,15,need
41005,15,need
41374,15,need
41434,15,need
41728,15,need
41783,15,need
41847,15,need
41964,15,need
42110,15,need
42203,15,need
42272,15,need
43305,15,need
43358,15,need
44732,15,need
45533,15,need
51618,15,need
52325,15,need
53381,15,need
53770,15,need
54388,15,need
54456,15,need
54872,15,need
55636,15,need
55974,15,need
56048,15,need
56512,15,need
57750,15,need
57873,15,need
57936,15,need
58226,15,need
59093,15,need
60185,15,need
60292,15,need
60543,15,need
61223,15,need
64455,15,need
65171,15,need
65426,15,need
65660,15,need
69832,15,need
71333,15,need
71370,15,need
71822,15,need
82479,15,need
85530,15,need
85602,15,need
85890,15,need
86014,15,need
86229,15,need
86472,15,need
87156,15,need
87395,15,need
92510,15,need
92642,15,need
117859,15,need
117932,15,need
118647,15,need
129786,15,need
139819,15,need
140188,15,need
141097,15,need
141919,15,need
142226,15,need
153916,15,need
160657,15,need
161041,15,need
162664,15,need
162756,15,need
169003,15,need
170411,15,need
171610,15,need
175559,15,need
176195,15,need
177830,15,need
185951,15,need
186451,15,need
3479,16,leftists
4579,16,leftists
5233,16,leftists
7288,16,leftists
7478,16,leftists
8219,16,leftists
10896,16,leftists
12310,16,leftists
12878,16,leftists
13751,16,leftists
14401,16,leftists
14522,16,leftists
17543,16,leftists
18758,16,leftists
19148,16,leftists
19656,16,leftists
20553,16,leftists
20702,16,leftists
71864,16,leftists
170464,16,leftists
170956,16,leftists
172146,16,leftists
172295,16,leftists
172414,16,leftists
173051,16,leftists
173208,16,leftists
173385,16,leftists
173527,16,leftists
173651,16,leftists
174063,16,leftists
174748,16,leftists
174788,16,leftists
175499,16,leftists
177442,16,leftists
177650,16,leftists
178019,16,leftists
178447,16,leftists
179404,16,leftists
179986,16,leftists
180198,16,leftists
180458,16,leftists
180803,16,leftists
181743,16,leftists
182379,16,leftists
182402,16,leftists
182452,16,leftists
182989,16,leftists
183004,16,leftists
183657,16,leftists
184229,16,leftists
184385,16,leftists
184733,16,leftists
1765,17,make
11085,17,make
11432,17,make
11720,17,make
13002,17,make
13168,17,make
19048,17,make
19204,17,make
19700,17,make
19771,17,make
19946,17,make
20490,17,make
22103,17,make
28704,17,make
29975,17,make
34932,17,make
40253,17,make
41937,17,make
45499,17,make
45691,17,make
45773,17,make
46804,17,make
50581,17,make
53789,17,make
55195,17,make
59425,17,make
64544,17,make
66060,17,make
68680,17,make
75587,17,make
79523,17,make
79759,17,make
80327,17,make
82202,17,make
84646,17,make
87477,17,make
91280,17,make
92798,17,make
95612,17,make
97219,17,make
101063,17,make
105674,17,make
108153,17,make
110961,17,make
111492,17,make
113835,17,make
115089,17,make
121896,17,make
134765,17,make
134910,17,make
137300,17,make
137455,17,make
137494,17,make
138308,17,make
140221,17,make
140973,17,make
143847,17,make
148002,17,make
152965,17,make
164290,17,make
167130,17,make
168243,17,make
169017,17,make
169031,17,make
169045,17,make
171416,17,make
172082,17,make
177454,17,make
178959,17,make
185499,17,make
187166,17,make
3202,18,problems
7337,18,problems
7697,18,problems
9125,18,problems
9296,18,problems
13454,18,problems
13730,18,problems
13781,18,problems
21696,18,problems
21742,18,problems
22947,18,problems
24101,18,problems
32221,18,problems
32402,18,problems
33021,18,problems
36734,18,problems
36815,18,problems
36977,18,problems
37103,18,problems
37142,18,problems
37672,18,problems
38171,18,problems
39385,18,problems
54056,18,problems
61770,18,problems
87222,18,problems
102694,18,problems
102726,18,problems
104279,18,problems
104498,18,problems
104854,18,problems
105297,18,problems
105891,18,problems
106292,18,problems
106484,18,problems
106835,18,problems
108027,18,problems
110356,18,problems
116324,18,problems
116393,18,problems
116476,18,problems
121314,18,problems
124963,18,problems
127155,18,problems
127208,18,problems
127673,18,problems
129822,18,problems
129935,18,problems
131664,18,problems
133881,18,problems
134366,18,problems
135072,18,problems
135908,18,problems
136025,18,problems
136167,18,problems
138182,18,problems
149050,18,problems
150858,18,problems
164903,18,problems
170295,18,problems
1316,19,way
1936,19,way
2031,19,way
4251,19,way
14674,19,way
18594,19,way
18922,19,way
25776,19,way
27758,19,way
28877,19,way
31234,19,way
31928,19,way
32583,19,way
34602,19,way
39510,19,way
41233,19,way
43643,19,way
43859,19,way
47454,19,way
48605,19,way
49160,19,way
49261,19,way
53130,19,way
53585,19,way
55358,19,way
57902,19,way
59128,19,way
59192,19,way
60566,19,way
62485,19,way
65896,19,way
66040,19,way
68540,19,way
72536,19,way
74881,19,way
75404,19,way
77642,19,way
78752,19,way
79411,19,way
80711,19,way
81749,19,way
82377,19,way
84524,19,way
85104,19,way
85307,19,way
87043,19,way
92617,19,way
94137,19,way
94398,19,way
95065,19,way
95668,19,way
95977,19,way
99304,19,way
100979,19,way
101075,19,way
101631,19,way
103820,19,way
104129,19,way
107295,19,way
107349,19,way
109005,19,way
110865,19,way
111020,19,way
111656,19,way
113903,19,way
116501,19,way
119951,19,way
120995,19,way
121673,19,way
123464,19,way
125636,19,way
125814,19,way
126491,19,way
126925,19,way
132413,19,way
132773,19,way
141846,19,way
142298,19,way
143013,19,way
143296,19,way
146677,19,way
149742,19,way
155189,19,way
155479,19,way
164968,19,way
166304,19,way
167546,19,way
173281,19,way
176234,19,way
178083,19,way
181113,19,way
181697,19,way
184999,19,way
3453,20,leftist
3479,20,leftist
3730,20,leftist
3987,20,leftist
4407,20,leftist
4579,20,leftist
5233,20,leftist
7288,20,leftist
7478,20,leftist
7807,20,leftist
8219,20,leftist
8499,20,leftist
8754,20,leftist
9013,20,leftist
9037,20,leftist
9336,20,leftist
10514,20,leftist
10684,20,leftist
10896,20,leftist
11358,20,leftist
11785,20,leftist
11966,20,leftist
12128,20,leftist
12310,20,leftist
12415,20,leftist
12570,20,leftist
12672,20,leftist
12732,20,leftist
12792,20,leftist
12878,20,leftist
13296,20,leftist
13751,20,leftist
13977,20,leftist
14401,20,leftist
14440,20,leftist
14522,20,leftist
17301,20,leftist
17543,20,leftist
18626,20,leftist
18758,20,leftist
19148,20,leftist
19656,20,leftist
20429,20,leftist
20553,20,leftist
20702,20,leftist
21403,20,leftist
21712,20,leftist
57676,20,leftist
71864,20,leftist
72021,20,leftist
170464,20,leftist
170618,20,leftist
170687,20,leftist
170711,20,leftist
170732,20,leftist
170903,20,leftist
170956,20,leftist
171634,20,leftist
172146,20,leftist
172295,20,leftist
172414,20,leftist
173051,20,leftist
173097,20,leftist
173208,20,leftist
173385,20,leftist
173527,20,leftist
173610,20,leftist
173651,20,leftist
174013,20,leftist
174063,20,leftist
174203,20,leftist
174293,20,leftist
174394,20,leftist
174665,20,leftist
174748,20,leftist
174788,20,leftist
175296,20,leftist
175402,20,leftist
175499,20,leftist
175530,20,leftist
175814,20,leftist
175920,20,leftist
176124,20,leftist
176268,20,leftist
176508,20,leftist
177442,20,leftist
177650,20,leftist
177762,20,leftist
178019,20,leftist
178447,20,leftist
178561,20,leftist
179404,20,leftist
179678,20,leftist
179957,20,leftist
179986,20,leftist
180198,20,leftist
180458,20,leftist
180803,20,leftist
181393,20,leftist
181743,20,leftist
181985,20,leftist
182155,20,leftist
182267,20,leftist
182315,20,leftist
182379,20,leftist
182402,20,leftist
182452,20,leftist
182558,20,leftist
182784,20,leftist
182989,20,leftist
183004,20,leftist
183100,20,leftist
183657,20,leftist
183946,20,leftist
184190,20,leftist
184229,20,leftist
184385,20,leftist
184733,20,leftist
185084,20,leftist
185213,20,leftist
185256,20,leftist
15920,21,work
25319,21,work
26079,21,work
26859,21,work
27326,21,work
27367,21,work
27698,21,work
27911,21,work
28251,21,work
29618,21,work
30088,21,work
34478,21,work
34714,21,work
37935,21,work
41356,21,work
43723,21,work
49140,21,work
49185,21,work
49311,21,work
50755,21,work
52610,21,work
56137,21,work
56708,21,work
59473,21,work
59929,21,work
61743,21,work
63015,21,work
63150,21,work
63183,21,work
63447,21,work
64256,21,work
64671,21,work
64723,21,work
65010,21,work
74908,21,work
76136,21,work
81080,21,work
81439,21,work
85093,21,work
86883,21,work
87861,21,work
88346,21,work
99188,21,work
99272,21,work
99344,21,work
100144,21,work
100179,21,work
100248,21,work
100465,21,work
100531,21,work
100599,21,work
105415,21,work
108790,21,work
108847,21,work
108934,21,work
110319,21,work
113013,21,work
126243,21,work
129720,21,work
130883,21,work
132514,21,work
136329,21,work
136810,21,work
137129,21,work
139265,21,work
140577,21,work
140725,21,work
140862,21,work
141339,21,work
142543,21,work
142665,21,work
142772,21,work
143128,21,work
146496,21,work
155385,21,work
184533,21,work
130,22,man
319,22,man
594,22,man
1107,22,man
1127,22,man
1142,22,man
3046,22,man
5950,22,man
6901,22,man
6954,22,man
10891,22,man
11025,22,man
12305,22,man
13018,22,man
14202,22,man
14396,22,man
14608,22,man
16416,22,man
16627,22,man
16818,22,man
19027,22,man
19219,22,man
19248,22,man
19715,22,man
20153,22,man
20466,22,man
21334,22,man
22176,22,man
22824,22,man
22890,22,man
24115,22,man
24618,22,man
24812,22,man
24855,22,man
27356,22,man
27800,22,man
28322,22,man
28578,22,man
31786,22,man
31848,22,man
31952,22,man
32549,22,man
32643,22,man
33195,22,man
33487,22,man
34546,22,man
37015,22,man
37491,22,man
37775,22,man
38351,22,man
38454,22,man
40015,22,man
40506,22,man
41942,22,man
42182,22,man
42391,22,man
42641,22,man
44399,22,man
44704,22,man
45388,22,man
45816,22,man
46521,22,man
46563,22,man
46625,22,man
46708,22,man
46936,22,man
47215,22,man
47498,22,man
48020,22,man
48165,22,man
48305,22,man
48637,22,man
48672,22,man
48695,22,man
48871,22,man
49250,22,man
49282,22,man
49379,22,man
50243,22,man
50395,22,man
51170,22,man
51751,22,man
52068,22,man
52591,22,man
53159,22,man
53267,22,man
53371,22,man
57321,22,man
57599,22,man
58421,22,man
59170,22,man
59446,22,man
60138,22,man
60994,22,man
61576,22,man
63122,22,man
63240,22,man
63675,22,man
63746,22,man
63785,22,man
63849,22,man
63969,22,man
64200,22,man
64440,22,man
64807,22,man
65396,22,man
65590,22,man
65962,22,man
66035,22,man
66282,22,man
67399,22,man
69039,22,man
69182,22,man
69677,22,man
69923,22,man
71716,22,man
71859,22,man
72977,22,man
73149,22,man
73627,22,man
73801,22,man
73954,22,man
74612,22,man
74641,22,man
74842,22,man
75170,22,man
79272,22,man
79881,22,man
81051,22,man
81393,22,man
82441,22,man
82659,22,man
82934,22,man
83248,22,man
85526,22,man
85554,22,man
85879,22,man
85886,22,man
86073,22,man
86307,22,man
86775,22,man
87152,22,man
90371,22,man
90563,22,man
90583,22,man
90728,22,man
91002,22,man
91422,22,man
92048,22,man
92366,22,man
93144,22,man
93365,22,man
93491,22,man
93882,22,man
94100,22,man
94158,22,man
94318,22,man
94425,22,man
95921,22,man
96504,22,man
96670,22,man
97230,22,man
98303,22,man
99437,22,man
101209,22,man
101382,22,man
101576,22,man
102043,22,man
102740,22,man
103556,22,man
103649,22,man
103753,22,man
105795,22,man
106647,22,man
106914,22,man
108287,22,man
108419,22,man
109675,22,man
109947,22,man
110013,22,man
110212,22,man
110663,22,man
110885,22,man
111991,22,man
112200,22,man
112824,22,man
113742,22,man
114823,22,man
115445,22,man
115600,22,man
115709,22,man
115941,22,man
115976,22,man
116338,22,man
116507,22,man
117052,22,man
117400,22,man
117462,22,man
117530,22,man
117720,22,man
117870,22,man
117893,22,man
118013,22,man
118137,22,man
118208,22,man
118400,22,man
118429,22,man
118604,22,man
118730,22,man
119203,22,man
119728,22,man
120349,22,man
120460,22,man
120875,22,man
121348,22,man
121819,22,man
122274,22,man
123244,22,man
123681,22,man
123752,22,man
124201,22,man
124295,22,man
124387,22,man
124400,22,man
124634,22,man
124739,22,man
125056,22,man
125154,22,man
125614,22,man
125731,22,man
125750,22,man
126010,22,man
126025,22,man
126411,22,man
126646,22,man
126733,22,man
127222,22,man
127321,22,man
127738,22,man
128093,22,man
128488,22,man
128704,22,man
128719,22,man
129217,22,man
129999,22,man
130074,22,man
130455,22,man
130645,22,man
130858,22,man
131907,22,man
132396,22,man
133104,22,man
135738,22,man
136604,22,man
137077,22,man
137202,22,man
137342,22,man
137367,22,man
137641,22,man
137719,22,man
137839,22,man
137982,22,man
138425,22,man
138560,22,man
138863,22,man
138935,22,man
139261,22,man
139439,22,man
139461,22,man
139583,22,man
139764,22,man
140310,22,man
140573,22,man
140721,22,man
140807,22,man
141065,22,man
142598,22,man
142783,22,man
143027,22,man
143065,22,man
144345,22,man
144490,22,man
144745,22,man
144885,22,man
145033,22,man
145077,22,man
147648,22,man
147652,22,man
147677,22,man
147741,22,man
147812,22,man
148609,22,man
148650,22,man
148676,22,man
148816,22,man
149529,22,man
154105,22,man
154175,22,man
154948,22,man
155099,22,man
156674,22,man
156847,22,man
156862,22,man
159705,22,man
159819,22,man
160094,22,man
160306,22,man
160366,22,man
161037,22,man
161244,22,man
162436,22,man
162891,22,man
163820,22,man
163931,22,man
164788,22,man
166961,22,man
166989,22,man
167060,22,man
167146,22,man
167183,22,man
167351,22,man
171031,22,man
171181,22,man
171230,22,man
171260,22,man
174705,22,man
177578,22,man
178014,22,man
179399,22,man
180193,22,man
180253,22,man
180980,22,man
181584,22,man
181727,22,man
182920,22,man
11042,23,behavior
11763,23,behavior
12740,23,behavior
12800,23,behavior
15413,23,behavior
15634,23,behavior
15832,23,behavior
16430,23,behavior
31457,23,behavior
32623,23,behavior
39250,23,behavior
49803,23,behavior
50052,23,behavior
50426,23,behavior
68213,23,behavior
70057,23,behavior
74645,23,behavior
74846,23,behavior
81397,23,behavior
82445,23,behavior
83252,23,behavior
85558,23,behavior
86456,23,behavior
102744,23,behavior
106651,23,behavior
106918,23,behavior
109951,23,behavior
111995,23,behavior
114250,23,behavior
115075,23,behavior
115260,23,behavior
115449,23,behavior
115604,23,behavior
116342,23,behavior
117056,23,behavior
117404,23,behavior
118017,23,behavior
119207,23,behavior
121147,23,behavior
121823,23,behavior
123685,23,behavior
123768,23,behavior
124299,23,behavior
124417,23,behavior
124743,23,behavior
125060,23,behavior
125158,23,behavior
126029,23,behavior
126650,23,behavior
126762,23,behavior
127226,23,behavior
127325,23,behavior
127806,23,behavior
128921,23,behavior
129068,23,behavior
177967,23,behavior
805,24,even
932,24,even
1368,24,even
2857,24,even
6974,24,even
16199,24,even
20563,24,even
21528,24,even
22046,24,even
23380,24,even
26389,24,even
28468,24,even
40423,24,even
42017,24,even
43490,24,even
45666,24,even
48899,24,even
50523,24,even
50834,24,even
54078,24,even
55182,24,even
55393,24,even
56787,24,even
61018,24,even
65908,24,even
72237,24,even
78764,24,even
80495,24,even
80646,24,even
84253,24,even
84711,24,even
93513,24,even
95348,24,even
95993,24,even
97133,24,even
97843,24,even
101336,24,even
101526,24,even
101593,24,even
102228,24,even
103952,24,even
105852,24,even
106753,24,even
111322,24,even
112731,24,even
115330,24,even
115385,24,even
116108,24,even
118091,24,even
120555,24,even
123616,24,even
125101,24,even
128850,24,even
131997,24,even
132735,24,even
135158,24,even
135563,24,even
136795,24,even
149190,24,even
151684,24,even
156197,24,even
158203,24,even
158518,24,even
158903,24,even
163676,24,even
164478,24,even
169155,24,even
170248,24,even
179423,24,even
181813,24,even
9602,25,control
29745,25,control
29822,25,control
45615,25,control
60756,25,control
66386,25,control
66642,25,control
66680,25,control
67450,25,control
67911,25,control
68361,25,control
71661,25,control
75174,25,control
90303,25,control
95358,25,control
101034,25,control
106666,25,control
111977,25,control
113539,25,control
115432,25,control
115586,25,control
117038,25,control
117385,25,control
117998,25,control
118189,25,control
119188,25,control
123666,25,control
124583,25,control
124725,25,control
125043,25,control
125141,25,control
125229,25,control
125274,25,control
126719,25,control
126796,25,control
127306,25,control
127650,25,control
128047,25,control
129203,25,control
129302,25,control
129435,25,control
129632,25,control
133998,25,control
137371,25,control
138667,25,control
138867,25,control
138948,25,control
139044,25,control
139222,25,control
147698,25,control
149496,25,control
150048,25,control
156450,25,control
158772,25,control
158944,25,control
159006,25,control
159738,25,control
160629,25,control
162635,25,control
170240,25,control
172003,25,control
172277,25,control
173488,25,control
177331,25,control
180158,25,control
183373,25,control
184953,25,control
185120,25,control
369,26,psychological
732,26,psychological
979,26,psychological
3834,26,psychological
4263,26,psychological
4638,26,psychological
10339,26,psychological
16531,26,psychological
17357,26,psychological
20961,26,psychological
22933,26,psychological
24087,26,psychological
32388,26,psychological
36963,26,psychological
38157,26,psychological
39371,26,psychological
46724,26,psychological
50217,26,psychological
54042,26,psychological
65646,26,psychological
71647,26,psychological
72042,26,psychological
82177,26,psychological
86215,26,psychological
98458,26,psychological
99526,26,psychological
102812,26,psychological
109905,26,psychological
112688,26,psychological
113674,26,psychological
115557,26,psychological
115647,26,psychological
117743,26,psychological
122239,26,psychological
122618,26,psychological
125967,26,psychological
128665,26,psychological
133867,26,psychological
134132,26,psychological
134740,26,psychological
139499,26,psychological
139875,26,psychological
140138,26,psychological
140896,26,psychological
141507,26,psychological
143245,26,psychological
145057,26,psychological
150267,26,psychological
170495,26,psychological
171471,26,psychological
174318,26,psychological
174460,26,psychological
178425,26,psychological
178523,26,psychological
183410,26,psychological
184610,26,psychological
3094,27,leftism
3140,27,leftism
3257,27,leftism
3308,27,leftism
3782,27,leftism
3918,27,leftism
4070,27,leftism
4341,27,leftism
4476,27,leftism
4684,27,leftism
4804,27,leftism
4902,27,leftism
5384,27,leftism
14041,27,leftism
17045,27,leftism
21678,27,leftism
171585,27,leftism
172308,27,leftism
172534,27,leftism
173968,27,leftism
174118,27,leftism
174302,27,leftism
174422,27,leftism
174568,27,leftism
174847,27,leftism
174873,27,leftism
175191,27,leftism
175370,27,leftism
175452,27,leftism
175983,27,leftism
179253,27,leftism
179627,27,leftism
179727,27,leftism
181820,27,leftism
181900,27,leftism
182053,27,leftism
182626,27,leftism
182859,27,leftism
184520,27,leftism
186492,27,leftism
187001,27,leftism
187114,27,leftism
187307,27,leftism
187419,27,leftism
1770,28,use
5759,28,use
6894,28,use
7626,28,use
8342,28,use
8516,28,use
8843,28,use
9394,28,use
10322,28,use
10556,28,use
11055,28,use
11308,28,use
12248,28,use
12319,28,use
12361,28,use
13347,28,use
13478,28,use
13602,28,use
13832,28,use
14088,28,use
15146,28,use
15978,28,use
17695,28,use
21024,28,use
25146,28,use
25710,28,use
25818,28,use
26203,28,use
26372,28,use
29107,28,use
30863,28,use
31400,28,use
31415,28,use
32034,28,use
33909,28,use
34064,28,use
34172,28,use
34202,28,use
35750,28,use
39353,28,use
44575,28,use
45373,28,use
49499,28,use
50359,28,use
52230,28,use
53051,28,use
53172,28,use
53302,28,use
53356,28,use
56310,28,use
57086,28,use
57341,28,use
58219,28,use
58658,28,use
58714,28,use
61155,28,use
62050,28,use
62274,28,use
63760,28,use
64297,28,use
64656,28,use
65984,28,use
66932,28,use
67040,28,use
67624,28,use
68280,28,use
69057,28,use
69499,28,use
69952,28,use
70023,28,use
70123,28,use
70290,28,use
70636,28,use
70904,28,use
71018,28,use
71587,28,use
73172,28,use
74918,28,use
77997,28,use
79596,28,use
83184,28,use
83755,28,use
85339,28,use
85434,28,use
85771,28,use
86138,28,use
86275,28,use
88947,28,use
90322,28,use
91018,28,use
91905,28,use
92233,28,use
92587,28,use
92860,28,use
93195,28,use
94526,28,use
94917,28,use
95297,28,use
96030,28,use
99046,28,use
99502,28,use
99649,28,use
102917,28,use
103208,28,use
103629,28,use
104464,28,use
106419,28,use
107595,28,use
110829,28,use
112173,28,use
112233,28,use
113096,28,use
113708,28,use
114637,28,use
114869,28,use
114910,28,use
114986,28,use
115178,28,use
115403,28,use
115816,28,use
115852,28,use
116122,28,use
116641,28,use
116660,28,use
117009,28,use
119399,28,use
119719,28,use
119777,28,use
119829,28,use
121219,28,use
121275,28,use
121516,28,use
121616,28,use
122009,28,use
122766,28,use
128531,28,use
128911,28,use
129484,28,use
133304,28,use
133529,28,use
133558,28,use
134331,28,use
137538,28,use
138367,28,use
138732,28,use
139255,28,use
139332,28,use
139475,28,use
140872,28,use
140989,28,use
141216,28,use
141472,28,use
141824,28,use
144571,28,use
145596,28,use
149682,28,use
149920,28,use
152075,28,use
154716,28,use
154758,28,use
158993,28,use
159395,28,use
159891,28,use
160064,28,use
161291,28,use
161976,28,use
162126,28,use
162870,28,use
163328,28,use
163398,28,use
163616,28,use
165350,28,use
166248,28,use
166593,28,use
167031,28,use
168057,28,use
168384,28,use
170188,28,use
170398,28,use
171793,28,use
172075,28,use
172451,28,use
173420,28,use
174199,28,use
174859,28,use
174886,28,use
175056,28,use
175330,28,use
175488,28,use
175846,28,use
177085,28,use
177413,28,use
177741,28,use
177914,28,use
178574,28,use
178630,28,use
178656,28,use
179125,28,use
179556,28,use
180031,28,use
180380,28,use
180564,28,use
181034,28,use
181380,28,use
182742,28,use
183071,28,use
183642,28,use
185037,28,use
185146,28,use
185551,28,use
2682,29,example
12919,29,example
14683,29,example
24337,29,example
26330,29,example
28152,29,example
33972,29,example
39127,29,example
47573,29,example
50682,29,example
54904,29,example
61452,29,example
61832,29,example
63300,29,example
64845,29,example
67972,29,example
68808,29,example
71833,29,example
76214,29,example
77914,29,example
82459,29,example
82980,29,example
86088,29,example
87576,29,example
89391,29,example
89946,29,example
93833,29,example
96484,29,example
96992,29,example
97966,29,example
101445,29,example
104512,29,example
106306,29,example
108406,29,example
111947,29,example
113605,29,example
118459,29,example
119708,29,example
126177,29,example
135603,29,example
135881,29,example
142698,29,example
153634,29,example
154928,29,example
156407,29,example
157673,29,example
162368,29,example
167814,29,example
2849,30,nature
33204,30,nature
33496,30,nature
34573,30,nature
47649,30,nature
79295,30,nature
90633,30,nature
107539,30,nature
110017,30,nature
110667,30,nature
129232,30,nature
129459,30,nature
144244,30,nature
147546,30,nature
147721,30,nature
147745,30,nature
148242,30,nature
148374,30,nature
148446,30,nature
148705,30,nature
148831,30,nature
148892,30,nature
149117,30,nature
149249,30,nature
149380,30,nature
149509,30,nature
149533,30,nature
149670,30,nature
151651,30,nature
154619,30,nature
155457,30,nature
159751,30,nature
160175,30,nature
160376,30,nature
160858,30,nature
160958,30,nature
161014,30,nature
161280,30,nature
162440,30,nature
170845,30,nature
171016,30,nature
171164,30,nature
171244,30,nature
1692,31,revolution
1739,31,revolution
2041,31,revolution
2112,31,revolution
75706,31,revolution
75733,31,revolution
75853,31,revolution
76022,31,revolution
76069,31,revolution
76259,31,revolution
80062,31,revolution
99000,31,revolution
102989,31,revolution
103039,31,revolution
107438,31,revolution
107601,31,revolution
107751,31,revolution
107811,31,revolution
107984,31,revolution
108638,31,revolution
108831,31,revolution
108899,31,revolution
109091,31,revolution
109212,31,revolution
109376,31,revolution
109520,31,revolution
131033,31,revolution
131568,31,revolution
131619,31,revolution
131862,31,revolution
132594,31,revolution
132892,31,revolution
146063,31,revolution
146268,31,revolution
146466,31,revolution
146684,31,revolution
146837,31,revolution
146975,31,revolution
147015,31,revolution
150504,31,revolution
152501,31,revolution
152767,31,revolution
152796,31,revolution
153586,31,revolution
153676,31,revolution
155603,31,revolution
155903,31,revolution
156077,31,revolution
156174,31,revolution
157049,31,revolution
157123,31,revolution
157361,31,revolution
157382,31,revolution
157439,31,revolution
157466,31,revolution
157518,31,revolution
161738,31,revolution
161859,31,revolution
162385,31,revolution
162573,31,revolution
163220,31,revolution
165132,31,revolution
165665,31,revolution
165895,31,revolution
166204,31,revolution
173514,31,revolution
173618,31,revolution
174021,31,revolution
178703,31,revolution
178872,31,revolution
178986,31,revolution
854,32,technological
2193,32,technological
2355,32,technological
20080,32,technological
33523,32,technological
34663,32,technological
34838,32,technological
35523,32,technological
54007,32,technological
61052,32,technological
65845,32,technological
67248,32,technological
80895,32,technological
81330,32,technological
81995,32,technological
83532,32,technological
83671,32,technological
84548,32,technological
85714,32,technological
89619,32,technological
89742,32,technological
89872,32,technological
92124,32,technological
92667,32,technological
93714,32,technological
94007,32,technological
96051,32,technological
97484,32,technological
98210,32,technological
98955,32,technological
100492,32,technological
101352,32,technological
101965,32,technological
102604,32,technological
107392,32,technological
108240,32,technological
108672,32,technological
117649,32,technological
117984,32,technological
125127,32,technological
125260,32,technological
143630,32,technological
145516,32,technological
154762,32,technological
155050,32,technological
155261,32,technological
155781,32,technological
157701,32,technological
160767,32,technological
162102,32,technological
163021,32,technological
163167,32,technological
163456,32,technological
166344,32,technological
169909,32,technological
170029,32,technological
170145,32,technological
171554,32,technological
172253,32,technological
172362,32,technological
9163,33,needs
9325,33,needs
10353,33,needs
13388,33,needs
22514,33,needs
22572,33,needs
24125,33,needs
24558,33,needs
25668,33,needs
26624,33,needs
26754,33,needs
27845,33,needs
29084,33,needs
29170,33,needs
29280,33,needs
40922,33,needs
41434,33,needs
41783,33,needs
42110,33,needs
42272,33,needs
51618,33,needs
58226,33,needs
65660,33,needs
69832,33,needs
71333,33,needs
71370,33,needs
71822,33,needs
82479,33,needs
85530,33,needs
85602,33,needs
85890,33,needs
86014,33,needs
86229,33,needs
86472,33,needs
87156,33,needs
87395,33,needs
92642,33,needs
117859,33,needs
117932,33,needs
118647,33,needs
139819,33,needs
141919,33,needs
186451,33,needs
17526,34,goals
22528,34,goals
22623,34,goals
23460,34,goals
23522,34,goals
23806,34,goals
23836,34,goals
23911,34,goals
23975,34,goals
24131,34,goals
24234,34,goals
24593,34,goals
24652,34,goals
28413,34,goals
28429,34,goals
29639,34,goals
43524,34,goals
43698,34,goals
45284,34,goals
45337,34,goals
52384,34,goals
52416,34,goals
56622,34,goals
56685,34,goals
56727,34,goals
56751,34,goals
56884,34,goals
60951,34,goals
61363,34,goals
66200,34,goals
66225,34,goals
88015,34,goals
88077,34,goals
88145,34,goals
88391,34,goals
146858,34,goals
161772,34,goals
170579,34,goals
170740,34,goals
170778,34,goals
175701,34,goals
175804,34,goals
175974,34,goals
176160,34,goals
179602,34,goals
2666,35,new
35447,35,new
38911,35,new
55284,35,new
62156,35,new
74363,35,new
74443,35,new
76106,35,new
80225,35,new
80397,35,new
80507,35,new
88892,35,new
94802,35,new
95775,35,new
95936,35,new
96133,35,new
97814,35,new
98748,35,new
108069,35,new
111962,35,new
117443,35,new
118160,35,new
121525,35,new
121624,35,new
130481,35,new
134445,35,new
135671,35,new
136021,35,new
136163,35,new
144898,35,new
145105,35,new
146387,35,new
146937,35,new
147067,35,new
147229,35,new
148493,35,new
153005,35,new
161057,35,new
161156,35,new
165531,35,new
176254,35,new
177680,35,new
177708,35,new
12016,36,large
28115,36,large
30370,36,large
36888,36,large
37863,36,large
38370,36,large
38478,36,large
42230,36,large
42954,36,large
44263,36,large
47372,36,large
48240,36,large
50339,36,large
55417,36,large
57808,36,large
59946,36,large
65291,36,large
66343,36,large
66780,36,large
68372,36,large
73609,36,large
73929,36,large
79250,36,large
79507,36,large
79743,36,large
81928,36,large
83805,36,large
83930,36,large
84333,36,large
85038,36,large
87323,36,large
91696,36,large
97162,36,large
98416,36,large
108574,36,large
109422,36,large
112759,36,large
122312,36,large
123784,36,large
128421,36,large
128591,36,large
129725,36,large
135143,36,large
139057,36,large
142257,36,large
143934,36,large
150025,36,large
160438,36,large
166717,36,large
168195,36,large
172114,36,large
183127,36,large
9053,37,individual
11201,37,individual
11902,37,individual
17947,37,individual
18019,37,individual
29543,37,individual
29840,37,individual
30398,37,individual
30457,37,individual
31212,37,individual
35424,37,individual
35648,37,individual
38109,37,individual
41548,37,individual
46264,37,individual
46383,37,individual
47169,37,individual
47775,37,individual
47908,37,individual
48090,37,individual
56603,37,individual
56775,37,individual
58121,37,individual
59829,37,individual
66408,37,individual
68313,37,individual
68761,37,individual
69883,37,individual
70603,37,individual
78970,37,individual
81753,37,individual
83569,37,individual
84029,37,individual
84363,37,individual
84408,37,individual
87357,37,individual
88560,37,individual
95833,37,individual
96873,37,individual
97797,37,individual
98401,37,individual
99702,37,individual
101047,37,individual
111618,37,individual
112295,37,individual
114056,37,individual
114128,37,individual
114220,37,individual
114576,37,individual
118568,37,individual
121231,37,individual
121292,37,individual
121367,37,individual
121724,37,individual
128535,37,individual
147816,37,individual
155031,37,individual
160403,37,individual
160741,37,individual
171918,37,individual
171960,37,individual
179667,37,individual
181732,37,individual
182532,37,individual
182933,37,individual
183183,37,individual
183255,37,individual
183301,37,individual
184679,37,individual
25160,38,surrogate
25476,38,surrogate
25910,38,surrogate
25989,38,surrogate
26348,38,surrogate
26640,38,surrogate
27279,38,surrogate
27768,38,surrogate
28126,38,surrogate
28347,38,surrogate
28632,38,surrogate
28925,38,surrogate
29435,38,surrogate
42346,38,surrogate
42898,38,surrogate
43187,38,surrogate
52425,38,surrogate
57974,38,surrogate
58035,38,surrogate
58628,38,surrogate
58984,38,surrogate
59226,38,surrogate
59257,38,surrogate
59596,38,surrogate
59956,38,surrogate
60442,38,surrogate
60638,38,surrogate
61258,38,surrogate
61464,38,surrogate
62071,38,surrogate
62296,38,surrogate
64633,38,surrogate
65258,38,surrogate
65304,38,surrogate
66234,38,surrogate
71261,38,surrogate
99200,38,surrogate
129738,38,surrogate
175868,38,surrogate
2002,39,take
9179,39,take
9556,39,take
13113,39,take
13321,39,take
17626,39,take
18002,39,take
21507,39,take
27049,39,take
27130,39,take
29673,39,take
44477,39,take
46902,39,take
70390,39,take
87061,39,take
96613,39,take
97199,39,take
98114,39,take
98157,39,take
103290,39,take
103677,39,take
106784,39,take
108132,39,take
109115,39,take
111014,39,take
118225,39,take
119913,39,take
136253,39,take
140624,39,take
142521,39,take
145355,39,take
145558,39,take
148526,39,take
149136,39,take
151360,39,take
156587,39,take
158671,39,take
159679,39,take
160013,39,take
161121,39,take
163724,39,take
165918,39,take
168746,39,take
170880,39,take
173275,39,take
180658,39,take
180789,39,take
183238,39,take
183325,39,take
2439,40,get
3761,40,get
16008,40,get
17345,40,get
25398,40,get
28236,40,get
28965,40,get
30781,40,get
35255,40,get
46033,40,get
46154,40,get
51856,40,get
53931,40,get
55040,40,get
58182,40,get
58778,40,get
59637,40,get
60417,40,get
63717,40,get
64708,40,get
67516,40,get
69359,40,get
89290,40,get
92518,40,get
93524,40,get
96621,40,get
97207,40,get
100447,40,get
103393,40,get
103653,40,get
104688,40,get
105315,40,get
107417,40,get
112917,40,get
113233,40,get
113257,40,get
113264,40,get
118939,40,get
123151,40,get
123459,40,get
130712,40,get
136806,40,get
140858,40,get
148986,40,get
149271,40,get
150934,40,get
153093,40,get
157751,40,get
157841,40,get
163152,40,get
163805,40,get
165312,40,get
168305,40,get
171134,40,get
173465,40,get
176044,40,get
180087,40,get
34815,41,thus
49404,41,thus
63424,41,thus
118758,41,thus
121908,41,thus
129878,41,thus
147357,41,thus
169315,41,thus
172436,41,thus
2511,42,important
2900,42,important
10497,42,important
15322,42,important
16879,42,important
20777,42,important
21629,42,important
23796,42,important
27621,42,important
28264,42,important
29213,42,important
32841,42,important
39341,42,important
45782,42,important
58697,42,important
58743,42,important
59993,42,important
61442,42,important
66911,42,important
67129,42,important
68066,42,important
73821,42,important
75648,42,important
77226,42,important
95684,42,important
100192,42,important
102516,42,important
106229,42,important
112678,42,important
117271,42,important
122608,42,important
127248,42,important
128118,42,important
133145,42,important
142655,42,important
144513,42,important
150980,42,important
154534,42,important
161839,42,important
165288,42,important
175439,42,important
3800,43,much
12787,43,much
20389,43,much
25525,43,much
40237,43,much
45483,43,much
46004,43,much
46058,43,much
46835,43,much
60751,43,much
63896,43,much
64977,43,much
69556,43,much
71992,43,much
86496,43,much
88596,43,much
89698,43,much
90817,43,much
94279,43,much
97140,43,much
107623,43,much
107765,43,much
108205,43,much
114457,43,much
114873,43,much
123484,43,much
130186,43,much
132301,43,much
133968,43,much
159717,43,much
159733,43,much
164643,43,much
168355,43,much
172972,43,much
174337,43,much
182020,43,much
23450,44,must
24178,44,must
29660,44,must
29707,44,must
35669,44,must
42186,44,must
43799,44,must
45045,44,must
45143,44,must
53573,44,must
53926,44,must
66049,44,must
86403,44,must
87093,44,must
88354,44,must
88787,44,must
95292,44,must
103864,44,must
113174,44,must
120799,44,must
130878,44,must
147377,44,must
147434,44,must
149792,44,must
157529,44,must
161726,44,must
163100,44,must
163323,44,must
165771,44,must
170304,44,must
170875,44,must
170922,44,must
178765,44,must
186125,44,must
33241,45,change
34434,45,change
34633,45,change
34677,45,change
34952,45,change
35029,45,change
35102,45,change
36645,45,change
37712,45,change
38045,45,change
38394,45,change
38513,45,change
39179,45,change
40875,45,change
72433,45,change
72515,45,change
72882,45,change
73025,45,change
73042,45,change
73093,45,change
73180,45,change
73407,45,change
73573,45,change
73810,45,change
73906,45,change
74124,45,change
74280,45,change
74629,45,change
74785,45,change
75441,45,change
75602,45,change
75870,45,change
75911,45,change
75965,45,change
76403,45,change
76616,45,change
79019,45,change
79167,45,change
79735,45,change
79888,45,change
94372,45,change
95047,45,change
95951,45,change
101315,45,change
101807,45,change
102302,45,change
105109,45,change
107525,45,change
107636,45,change
109060,45,change
119062,45,change
121648,45,change
124143,45,change
135149,45,change
135259,45,change
152130,45,change
177559,45,change
183855,45,change
492,46,world
670,46,world
3085,46,world
6468,46,world
31710,46,world
34413,46,world
34532,46,world
45717,46,world
77297,46,world
82812,46,world
85463,46,world
92539,46,world
96643,46,world
108073,46,world
113144,46,world
121838,46,world
131939,46,world
133594,46,world
133980,46,world
139619,46,world
141392,46,world
146391,46,world
152438,46,world
157555,46,world
157875,46,world
158080,46,world
158253,46,world
158501,46,world
159202,46,world
159509,46,world
159532,46,world
164996,46,world
165393,46,world
165585,46,world
169591,46,world
171152,46,world
171352,46,world
181206,46,world
416,47,physical
786,47,physical
966,47,physical
20813,47,physical
23560,47,physical
23846,47,physical
24549,47,physical
24760,47,physical
25718,47,physical
26745,47,physical
27139,47,physical
27540,47,physical
30727,47,physical
40680,47,physical
40833,47,physical
40913,47,physical
43448,47,physical
46528,47,physical
46780,47,physical
51223,47,physical
52555,47,physical
52770,47,physical
52877,47,physical
53018,47,physical
59334,47,physical
62400,47,physical
74699,47,physical
92447,47,physical
109832,47,physical
112371,47,physical
128771,47,physical
133188,47,physical
139810,47,physical
144006,47,physical
144902,47,physical
145042,47,physical
156027,47,physical
16216,48,without
23720,48,without
26489,48,without
35007,48,without
39222,48,without
55027,48,without
65546,48,without
66260,48,without
73836,48,without
80133,48,without
82545,48,without
87427,48,without
89724,48,without
89848,48,without
93941,48,without
97684,48,without
99714,48,without
121747,48,without
122181,48,without
123167,48,without
132025,48,without
137332,48,without
148712,48,without
153150,48,without
163264,48,without
166625,48,without
168073,48,without
168258,48,without
168936,48,without
171358,48,without
171449,48,without
171532,48,without
182975,48,without
11709,49,effort
22473,49,effort
22560,49,effort
23728,49,effort
24163,49,effort
25687,49,effort
26708,49,effort
26898,49,effort
29130,49,effort
29652,49,effort
29999,49,effort
30998,49,effort
38650,49,effort
40097,49,effort
40169,49,effort
40242,49,effort
40784,49,effort
40899,49,effort
40998,49,effort
41095,49,effort
41641,49,effort
42054,49,effort
45488,49,effort
47080,49,effort
48452,49,effort
52833,49,effort
55858,49,effort
56812,49,effort
57221,49,effort
59487,49,effort
59575,49,effort
59627,49,effort
62434,49,effort
62977,49,effort
64552,49,effort
88040,49,effort
88372,49,effort
137206,49,effort
163142,49,effort
