ID,Name in English,Name in French,Name in Spanish,Countries,Country codes alpha 3,ISO639-3 codes,Degree of endangerment,Alternate names,Name in the language,Number of speakers,Sources,Latitude,Longitude,Description of the location
7,Western Armenian (Middle East),arménien occidental (Moyen-Orient),armenio occidental (Oriente Medio),"Iraq, Lebanon, Syrian Arab Republic","IRQ, LBN, SYR",hye,Definitely endangered,Arevmdahayeren,արևմտահայ,200000,"Haig Der-Houssikian (2008, p.c.)
Hagop Gulludjian (2008 p.c.)",33.884,35.5133,"Primarily in the areas of Beirut, Lebanon and Aleppo, Syria; also in Cairo, Egypt and in Iraq and Turkey.  A large number of speakers are in diaspora, especially in the USA, but also in Canada, Europe, and South America."
2225,Western Cham,cham de l'ouest,chamo occidental,Cambodia,KHM,cja,Vulnerable,,,200000,,12.0333,105.4333,
1898,Ngäbere (Panama),ngäbere (Panama),guaymí (Panamá),Panama,PAN,gym,Vulnerable,"Ngäbere, Guaymí",,169130,"Census 2000, article by Constenla",9.3395,-82.2428,"Bocas del Toro, Veraguas, Chiriquí provinces in western Panama"
340,Corsican,corse,corso,"France, Italy","FRA, ITA",cos,Definitely endangered,,,160000,"Jean Sibille: Les langues régionales. Dominos 220; [Paris]: Flammarion, 2000.",42.0819,9.0307,Corsica (Corse); also spoken on Maddalena Island off the northeast coast of Sardinia and in many émigré communities
2350,Chamorro,chamorro,chamorro,Guam (U.S.A.),GUM,cha,Vulnerable,,,62500,Grimes 2000,13.4323,144.7338,Guam and Northern Marianas
1027,Faroese,féroïen,faroés,Faroe Islands,FRO,fao,Vulnerable,,,60000,,62.0112,-6.7785,the Faroe Islands
411,Scottish Gaelic,gaélique écossais,gaélico escocés,United Kingdom of Great Britain and Northern Ireland,GBR,gla,Definitely endangered,,,58552,"William Gillies: Scottish Gaelic. — The Celtic languages. Edited by Martin J. Ball with James Fife. London and New York: Routledge, 1993. 145–227.",58.1011,-6.7675,"the Western Isles and parts of the Highlands, Scotland; émigré communities in Nova Scotia, Canada"
2229,Eastern Cham,cham de l'est,chamo oriental,Viet Nam,VNM,cjm,Definitely endangered,,,50000,,10.7833,108.0833,
1949,Soqotri,soqotri,soqotrí,Yemen,YEM,sqt,Severely endangered,"sk'ot'ri, sk'ot'riyyet, suqutri",,50000,"Personal investigations during numerous fieldworks on the island of Soqotra between 1985 and 2004. Data crossed with those in Naumkin (1993) ""Island of the Phoenix. An ethnographic Study of the People of Socotra"" (for Abd-al-Kuri and Samha).
 Simeone-Senelle - (1997) Proceeedings of the 16th ICL. Pergamon, Oxford, Paper No.0449. 
Simeone-Senelle  (2004) Soqotri dialectology, and the evaluation of the language endangerment . on line  <http://halshs.archives-ouvertes.fr/halshs-00338711/fr/.>
",12.5331,53.767,"Spoken only in Yemen, on the islands of Soqotra, Abd-al-Kuri and  Samha (Gulf of Aden). Belonging to the Modern South Arabian group but very distinct from the Mehri sub-group or from Jibbali.   
Some fishermen,  Soqotri native speakers, from Abd-al-Kuri are settled for many months in the year on the mainland coast of Hadramawt, others in the Mahra. A  Soqotry community (speaking Soqotri) is living in the emirate of 'Ajman. Capital of Soqotra is Hadibo (Tamarida on old maps). 
Four groups of dialects are distinguished among the surveyed dialects (from 1985 until 2004) : northern coastal villages :such as  Qadhub, Hadibo, Hawlef), the southern coast (Noged area), , the beduin varieties spoken in the Hagher Mountains,  far west dialects in the area of Qalansiya. The dialect of 'Abd-al-Kuri is apart whereas that of Samha is close to the western dialects of Soqotra (Naumkin 1988, 343-344). Soqotri have a rich oral literature (essentially poetry)."
687,West Greenlandic,kalaallisut,groenlandés occidental,Greenland (Kingdom of Denmark),GRL,kal,Vulnerable,Kalaallisut,,50000,,64.1681,-51.7236,the west coast of Greenland
704,Rarotongan,rarotongien,rarotongano,Cook Islands,COK,rar,Vulnerable,,,43000,Grimes 2000,-21.2343,-159.7837,"16800 in Cook Islands, remainder mainly in New Zealand"
149,Patani Malay,malais de patani,patani,Thailand,THA,,Vulnerable,"Jawi, Yawi",,40000,,6.6482,100.0387,
2030,Amis,amis,ami,China,CHN,ami,Vulnerable,Ami,,30000,,23.4456,121.4483,Taiwan Province
2525,Biak,biak,biaco,Indonesia,IDN,bhw,Vulnerable,,,30000,"Wurm, Stephen A. 2007. 'Australia and the Pacific', pp. 424-557 in Christopher Moseley (ed.) Encyclopedia of the World's Endangered Languages. London/New York: Routledge.",-0.3076,131.2207,Irian Jaya
1306,Ediamat,ediamat,eyamat,Guinea-Bissau,GNB,eja,Vulnerable,Ejamat,,22025,"Ethnologue, Adjaratou Sall",12.2621,-16.5289,
1990,Bru,bru,bru,Thailand,THA,brv,Definitely endangered,,,20000,,15.3174,105.4938,
276,Swampy Cree,swampy cree,clisteno occidental,Canada,CAN,csw,Vulnerable,,,16685,"1996 and 2001 Censuses, Statistics Canada; based on the Department of Canadian Heritage customized census retrievals
UNESCO Atlas 2nd edition (Wurm (2001))
Ethnologue: Languages of the World (Gordon, (2005))
http://www.aboriginalcanada.gc.ca/acp/community/site.nsf/index_en.html
http://en.wikipedia.org/wiki/Portal:Contents",53.9849,-97.7626,Spread over 39 communities in Canada
707,Tuamotuan,tuamotuan,tuamotuano,French Polynesia (France),PYF,pmt,Definitely endangered,Pa'umotu,,14400,"Wurm, Stephen 2007. 'Australia and the Pacific', pp. 425-578 in Christopher Moseley (ed.) Encyclopedia of the World's Endangered Languages. London/New York: Routledge
Grimes 2000",-14.9354,-147.7455,Tuamotu archipelago
703,Niuean,niue,niue,Niue,NIU,niu,Definitely endangered,,,14000,Grimes 2000,-19.0491,-169.8706,"1260 on Niue, remainder mostly in New Zealand"
11,Nalu,nalu,nalu,Guinea,GIN,naj,Definitely endangered,,,13000,"Ethnologue, Tucker Childs",10.9523,-14.7629,
2238,Chru,chru,cru,Viet Nam,VNM,cje,Vulnerable,,,12000,,11.4666,109.05,
714,Tuvaluan,tuvalu,tuvaluano,Tuvalu,TUV,tvl,Definitely endangered,,,11000,Grimes 2000,-8.5049,179.187,Tuvalu and New Zealand
691,Central Alaskan Yupik (Nuniak Island),yupik d'Alaska Centrale (île Nunivak),yupí alasquiano central (isla de Nunivak),United States of America,USA,esu,Vulnerable,Yup'ik,,10400,"Krauss 2007
Golla et al. ms.",59.8889,-166.289,
2610,Saparua,saparua,saparua,Indonesia,IDN,spr,Definitely endangered,,,10216,"Wurm, Stephen A. 2007. 'Australia and the Pacific', pp. 424-557 in Christopher Moseley (ed.) Encyclopedia of the World's Endangered Languages. London/New York: Routledge.",-3.5757,128.6464,"Saparua and Seram Island, Lease Islands, central Maluku"
1298,Karone,karone,karon,Senegal,SEN,krx,Vulnerable,,,10000,"Ethnologue, Adjaratou Sall",12.7769,-16.7733,
1198,Muot,muot,nicobarés central,India,IND,ncb,Critically endangered,"Nancowry, Camorta",,10000,Prof. Udaya Narayana Singh (personal communication),8.0932,93.4963,"on the islands of Nancowry (Muot), Kamorta (Camorta, Kalat or Kinlaha), Trinket (Laful) and Katchal (Tinhnyu)"
394,North Frisian,frison du nord,frisón septentrional,Germany,DEU,frr,Severely endangered,,,10000,,54.7341,8.7478,"western coast of Schleswig north of Husum including the Halligen Islands and the adjacent islands of Föhr, Amrum, Sylt and Helgoland"
2331,Taba,taba,taba,Indonesia,IDN,mky,Vulnerable,"East Makian, Makian Dalam",,10000,Grimes 2000,0.0659,127.4084,Maluku
2337,Lisela,lisela,lisela,Indonesia,IDN,lcl,Vulnerable,,,9000,Grimes 2000,-3.2392,127.0239,Maluku
708,Austral dialects,dialectes des Iles Australes,dialectos de las islas Australes,French Polynesia (France),PYF,aut,Definitely endangered,"Rurutu, Tupuai, Rimatara, Raivavae",,8000,"Wurm, Stephen 2007. 'Australia and the Pacific', pp. 425-578 in Christopher Moseley (ed.) Encyclopedia of the World's Endangered Languages. London/New York: Routledge.
Grimes 2000",-23.3775,-149.4909,"Austral Islands (Rurutu, Tupuai, Rimatara, Raivavae)"
1980,Hachijō,hachijō,hachijō,Japan,JPN,,Definitely endangered,,,8000,Akihiro Kaneda: The tense-aspect system and evidentiality in the Hachijo dialect. Lingua Posnaniensis 47 (2005): 75–86.,33.11,139.7891,the Hachijō and Aogashima Islands of the Izu Archipelago south of Tokyo; an outlying dialect of Japanese not listed at all by the SIL
2339,Kosraean,kosrae,kosreano,"Micronesia (Federated States of), Nauru","FSM, NRU",kos,Severely endangered,Kusaie,,6900,Grimes 2000,5.322,162.9904,Also spoken on Nauru
1317,Micmac (Canada),micmac (Canada),micmac (Canadá),Canada,CAN,mic,Vulnerable,,,6850,"1996 and 2001 Censuses, Statistics Canada; based on the Department of Canadian Heritage customized census retrievals
UNESCO Atlas 2nd edition (Wurm (2001))
Ethnologue: Languages of the World (Gordon, (2005))
http://www.aboriginalcanada.gc.ca/acp/community/site.nsf/index_en.html
http://en.wikipedia.org/wiki/Portal:Contents",45.9646,-60.6172,Spread over 32 communities in Canada
1010,Moklen,moklen,moklen,"Myanmar, Thailand","MMR, THA",mwt,Definitely endangered,"Moken, Saloun, Chao Thalee, Thai Mai",,6000,,8.1953,98.3036,
2624,Nauruan,nauruan,nauruano,Nauru,NRU,nau,Severely endangered,,,6000,"Wurm, Stephen A. 2007. 'Australia and the Pacific', pp. 424-557 in Christopher Moseley (ed.) Encyclopedia of the World's Endangered Languages. London/New York: Routledge.
Communication with Bill Palmer",-0.53,166.9221,Nauru Island
2341,Mortlockese,mortlock,mortlock,Micronesia (Federated States of),FSM,mrl,Definitely endangered,,,5904,Grimes 2000,5.5811,153.5668,Mortlock Islands
1305,Kwatay,kwatay,kwatay,Senegal,SEN,cwt,Severely endangered,Kuwaataay,,5625,"Ethnologue, Adjaratou Sall, Tucker Childs",12.4204,-16.7596,
1597,Gutnish,gutnisk,gotlandiano,Sweden,SWE,swe,Definitely endangered,,,5000,,57.3027,18.5284,"the south-east coast from Alskog till Burs of the main island of Gotland and, at least until recently, some parts of Fårö island off the main island; a regional language not recognized by the SIL"
30,Ilue,ilue,ilue,Nigeria,NGA,ilv,Critically endangered,Idua,,5000,"Roger Blench, Ethnologue",4.9185,8.2397,
2068,Khojki,khojki,luvatí,Oman,OMN,luv,Severely endangered,"خوجكي , Lawati (usually refers to the people rather than the language)",,5000,,23.6193,58.5653,"The Matrah harbor area of Muscat, primarily within Sur Lawatiya, an old walled quarter facing the harbor, but now in other areas of the capital.  "
709,Manihiki,manihiki,manihiki-rakahanga,Cook Islands,COK,rkh,Definitely endangered,Rakahanga,,5000,Grimes 2000,-10.4,-161,Rakahanga and Manihiki Islands
1193,Pu,pu,pur,India,IND,caq,Critically endangered,"Nicobarese Car, Car",,5000,Prof. Udaya Narayana Singh (personal communication),8.2549,93.1022,Car Nicobar Island
2373,Qikiqtaaluk uannangani,uannangani de Qikiqtaaluk,qikiqtaaluk uannangani,Canada,CAN,ike,Vulnerable,"North Baffin, Eastern Canadian Inuktitut",,4550,"1996 and 2001 Censuses, Statistics Canada; based on the Department of Canadian Heritage customized census retrievals
UNESCO Atlas 2nd edition (Wurm (2001))
Ethnologue: Languages of the World (Gordon, (2005))
http://www.aboriginalcanada.gc.ca/acp/community/site.nsf/index_en.html
http://en.wikipedia.org/wiki/Portal:Contents",69.3878,-81.615,Spread over 8 communities in Canada
713,Tokelauan,tokelau,tokelauano,Tokelau,TKL,tkl,Severely endangered,,,4500,Grimes 2000,-9.1699,-171.8206,Tokelau and New Zealand
267,Eastern Montagnais,montagnais de l'est,montañés oriental,Canada,CAN,moe,Vulnerable,Innu-aimun,,4180,"1996 and 2001 Censuses, Statistics Canada; based on the Department of Canadian Heritage customized census retrievals
UNESCO Atlas 2nd edition (Wurm (2001))
Ethnologue: Languages of the World (Gordon, (2005))
http://www.aboriginalcanada.gc.ca/acp/community/site.nsf/index_en.html
http://en.wikipedia.org/wiki/Portal:Contents",50.2136,-66.193,Spread over 6 communities in Canada
2690,Mussau-Emira,mussau-emira,emira,Papua New Guinea,PNG,emi,Definitely endangered,"Mussau, Emira",,3651,"Wurm, Stephen A. 2007. 'Australia and the Pacific', pp. 424-557 in Christopher Moseley (ed.) Encyclopedia of the World's Endangered Languages. London/New York: Routledge.",-1.4774,149.6392,"Mussau and St Matthias Islands, New Ireland Province"
1899,Teribe (Panama),teribe (Panama),naso (Panamá),Panama,PAN,tfr,Definitely endangered,Naso,,3305,"Census 2000, article by Constenla, article by Montalván",9.4472,-82.5166,Teribe and Changuinola rivers area in northwestern Panama
76,Dahaalik,dahlik,dahaalik,Eritrea,ERI,,Critically endangered,Dahalik,,3000,"Saleh Mahmud Idris, Marie-Claude Simeone-Senelle",15.6917,40.0671,"Dahalik is spoken on three islands : 1)  Dahlak Kebir/ Dahlak 'Abi  (villages of Dahlak Kebir, Jimhile, Dasqo-Melil,  Durubbishet, Dub'ullu, Sal'et) - 2) Nora (Nora 'Abay and Salihet) - 3) Dehil (village of 'Ad)"
686,East Greenlandic,tunumiit oraasiat,groenlandés oriental,Greenland (Kingdom of Denmark),GRL,kal,Definitely endangered,Tunumiit oraasiat,,3000,,65.6061,-37.6858,Ammassalik and Scoresbysund on the east coast of Greenland
2338,Kapingamarangi,kapingamarangi,kapingamarangi,Micronesia (Federated States of),FSM,kpg,Severely endangered,,,3000,Grimes 2000,1.0828,154.8081,Kapingamarangi and Ponape
2620,Palu'e,palu'e,palu'e,Indonesia,IDN,,Definitely endangered,,,3000,"Wurm, Stephen A. 2007. 'Australia and the Pacific', pp. 424-557 in Christopher Moseley (ed.) Encyclopedia of the World's Endangered Languages. London/New York: Routledge.",-8.3242,121.7106,Palu Island and North of Flores Island
2626,Rotuman,rotuman,rotumano,Fiji,FJI,rtm,Vulnerable,,,3000,"Wurm, Stephen A. 2007. 'Australia and the Pacific', pp. 424-557 in Christopher Moseley (ed.) Encyclopedia of the World's Endangered Languages. London/New York: Routledge.",-12.5063,177.0776,Rotuma Island
1201,Takahanyilang,takahanyilang,takahanyilang,India,IND,nik,Critically endangered,Lo'ong,,3000,Prof. Udaya Narayana Singh (personal communication),6.85,93.8726,Great Nicobar Island
2349,Ulithian,ulithi,ulitiano,Micronesia (Federated States of),FSM,uli,Severely endangered,,,3000,Grimes 2000,10.0229,139.6801,Eastern Caroline Islands
2587,Waima'a,waima'a,vaimaa,Timor-Leste,TLS,wmh,Definitely endangered,,,3000,"Wurm, Stephen A. 2007. 'Australia and the Pacific', pp. 424-557 in Christopher Moseley (ed.) Encyclopedia of the World's Endangered Languages. London/New York: Routledge.",-8.4995,126.3372,
1340,Jersey French,jersiais,francés de Jersey,United Kingdom of Great Britain and Northern Ireland,GBR,fra,Severely endangered,jèrriais; Sark French [sercquiais] (dialect),,2874,,49.2211,-2.1368,"the island of Jersey, which constitutes the Bailiwick of Jersey, and the island of Sark in the Bailiwick of Guernsey"
2026,Yami,yami,yami,China,CHN,tao,Vulnerable,Tao,,2700,,22.0512,121.5403,Taiwan Province
2345,Pingelapese,pingelap,pingilapés,Micronesia (Federated States of),FSM,pif,Severely endangered,,,2500,Grimes 2000,6.2279,160.7107,Pingelap and Ponape
711,Rapanui,rapanui,rapanui,Chile,CHL,rap,Severely endangered,"Easter island, Rapa Nui",,2500,"Wurm, Stephen 2007. 'Australia and the Pacific', pp. 425-578 in Christopher Moseley (ed.) Encyclopedia of the World's Endangered Languages. London/New York: Routledge.
Grimes 2000",-27.108,-109.3579,Easter Island (Chile)
2287,Urak Lawoi (Malaysia),urak lawoi’ (Malaisie),urak lawoi (Malasia),Malaysia,MYS,urk,Definitely endangered,Urak Lawoi',,2500,Bradley 2007,6.4194,99.7869,
1009,Urak Lawoi (Thailand),urak lawoi (Thaïlande),urak lawoi (Tailandia),Thailand,THA,urk,Definitely endangered,"Chao Thalay, Thai Mai",,2500,Bradley 2007,7.7756,98.3306,
762,North Alaskan Inupiaq (Kotzebue Sound),Inupiaq du nord de l'Alaska  (Golfe de Kotzebue),inuí alaskiano septentrional (estrecho de Kotzebue),United States of America,USA,esi,Severely endangered,"Inupiatun, Iñupiaq, Inupiatun, Malimiut",,2144,"Krauss 2007
Golla et al. ms.",66.8972,-162.5855,the Malimiut dialect is spoken around Kotzebue Sound and the North Slope dialect is spoken along the Arctic Coast to the Mackenzie Delta
1373,Seward Peninsula Inupiaq (King Island),inupiaq de la péninsule de Seward  (King Island),inuit de la Península Seward (i. del Rey),United States of America,USA,esk,Critically endangered,"Iñupiaq, Inupiatun, Qawiaraq",,2144,"Krauss 2007
Golla et al. ms.",64.9728,-168.0616,"the southern Seward Peninsula and Norton Sound area, surrounding the Bering Strait, and on King and Diomede Islands"
1374,Seward Peninsula Inupiaq (Little Diomede Island),inupiaq de la péninsule de Seward (Petite Diomède),inuit de la Península Seward (i. Diómedes menor),United States of America,USA,esk,Critically endangered,"Qawiaraq, Iñupiaq, Inupiatun",,2144,"Krauss 2007
Golla et al. ms.",65.755,-168.9167,"the southern Seward Peninsula and Norton Sound area, surrounding the Bering Strait, and on King and Diomede Islands"
1375,Seward Peninsula Inupiaq (Norton Sound),inupiaq de la péninsule de Seward (Norton Sound),inuit de la Península Seward (estrecho de Norton),United States of America,USA,esk,Critically endangered,"Qawiaraq, Iñupiaq, Inupiatun",,2144,"Krauss 2007
Golla et al. ms.",64.5433,-163.029,"the southern Seward Peninsula and Norton Sound area, surrounding the Bering Strait, and on King and Diomede Islands"
233,Tiwi,tiwi,tiví,Australia,AUS,tiw,Vulnerable,,,2100,,-11.6091,130.8911,
166,Anindilyakwa,anindilyakwa,anindilyakwa,Australia,AUS,aoi,Vulnerable,,,2000,,-13.9987,136.582,
2333,Gebe,gebe,gebe,Indonesia,IDN,gei,Vulnerable,,,2000,Grimes 2000,-0.1922,129.5397,Maluku
1197,Luro,luro,teressa,India,IND,tef,Critically endangered,"Teressa, Terasa, Taihlong, Powahat",,2000,Prof. Udaya Narayana Singh (personal communication),7.915,93.3837,Teressa (Luro) and Bompuka (Powahat) islands
2178,Kumzari,kumzari,kumzari,Oman,OMN,zum,Severely endangered,Kumzai,,1700,"No authoritative account can be found. 
Erik John Anonby, ""Update on Luri:  How Many Languages?"" J of the Royal Asiatic Society, 2003 (p. 176) cites the lack of evidence on Kumzari, which has been classified (cf. Ethnologue) as a member of the Iranian Luri subgroup.  Reports of Kumzari appear to have originated in an article by English civil servant and explorer Bertram Thomas, ""The Kumzari Dialect of the Shihuh Tribe (Musandam), Arabia, and a Vocabulary,""  J of the Royal Asiatic Society, October 1930.  ",26.1936,56.2431,"Musandam Peninsula, in the far north of Oman which is separated from the rest of the country by the UAE."
2348,Woleaian,woleai,woleayano,Micronesia (Federated States of),FSM,woe,Severely endangered,,,1631,Grimes 2000,7.3515,143.8769,Eastern Caroline Islands
1812,Mayoruna (Brazil),mayoruna (Brésil),matsés (Brasil),Brazil,BRA,mcf,Vulnerable,Matsés,,1500,"Databank Moore, 2008.",-3.3379,-64.8413,
2355,Natsilingmiutut,natsilingmiutut,natsilingmiutut,Canada,CAN,ikt,Vulnerable,Eastern Canadian Inuktitut,,1455,"1996 and 2001 Censuses, Statistics Canada; based on the Department of Canadian Heritage customized census retrievals
UNESCO Atlas 2nd edition (Wurm (2001))
Ethnologue: Languages of the World (Gordon, (2005))
http://www.aboriginalcanada.gc.ca/acp/community/site.nsf/index_en.html
http://en.wikipedia.org/wiki/Portal:Contents",68.643,-95.8863,Spread over 3 communities in Canada
2346,Puluwat,puluwat,puluwat,Micronesia (Federated States of),FSM,puw,Severely endangered,Puluwatese,,1364,Grimes 2000,7.5803,149.425,"Polowat, Pollap, Houk and Tamtam Islands, Caroline Islands"
1341,Guernsey French,guernesiais,francés de Guernesey,United Kingdom of Great Britain and Northern Ireland,GBR,fra,Severely endangered,guernesiais; dgernesiais,,1327,,49.4502,-2.5927,the island of Guernsey in the Bailiwick of Guernsey
2344,Paafang,paafang,pááfango,Micronesia (Federated States of),FSM,pfa,Severely endangered,,,1318,Grimes 2000,7.6198,155.1571,"Hall Islands, Caroline Islands"
343,Cypriot Arabic,arabe chypriote,árabe chipriota,Cyprus,CYP,acy,Severely endangered,Cypriot Maronite Arabic,,1300,,35.3196,33.338,the Kormakiti village in the north; most displaced in the south
1196,Sanenyo,sanenyo,chaura,India,IND,crv,Critically endangered,"Chowra, Tatet , Tutet",,1300,Prof. Udaya Narayana Singh (personal communication),7.9504,93.576,Chowra (Sanenyo) Island
2605,Oirata,oirata,oirata,Indonesia,IDN,oia,Definitely endangered,,,1221,"Wurm, Stephen A. 2007. 'Australia and the Pacific', pp. 424-557 in Christopher Moseley (ed.) Encyclopedia of the World's Endangered Languages. London/New York: Routledge.",-8.0755,127.1777,"East and west Oirata in southeast Kisar Island, South Maluku"
2614,Ujir,ujir,ujir,Indonesia,IDN,udj,Definitely endangered,Udjir,,1200,"Wurm, Stephen A. 2007. 'Australia and the Pacific', pp. 424-557 in Christopher Moseley (ed.) Encyclopedia of the World's Endangered Languages. London/New York: Routledge.",-5.6105,134.2776,"Ujir Island and Samang on the end of western peninsula on Wokam Island, in northwest Aru Islands, south Maluku"
2636,Savo,savo,savo,Solomon Islands,SLB,svs,Definitely endangered,Savosavo,,1147,"Wurm, Stephen A. 2007. 'Australia and the Pacific', pp. 424-557 in Christopher Moseley (ed.) Encyclopedia of the World's Endangered Languages. London/New York: Routledge.",-9.1292,159.8071,"Savo Island, north of northwestern Guadalcanal Island"
2493,Fwâi,fwâi,fwâi,New Caledonia (France),NCL,fwa,Vulnerable,,,1131,Rivierre et al. 2003,-20.7048,164.9034,Hienghène
2502,Fagauvea (Northern),fagauvea (nord),uveano (septentrional),New Caledonia (France),NCL,uve,Vulnerable,,,1107,,-20.4089,166.5444,
2503,Fagauvea (Southern),fagauvea (sud),uveano (meridional),New Caledonia (France),NCL,uve,Vulnerable,,,1107,,-20.7381,166.4126,
2340,Mokilese,mokil,moquilés,Micronesia (Federated States of),FSM,mkj,Critically endangered,,,1050,Grimes 2000,6.6864,159.7631,"Mokil Atoll, Caroline Islands"
2580,Adabe,adabe,adabe,Timor-Leste,TLS,adb,Vulnerable,,,1000,"Wurm, Stephen A. 2007. 'Australia and the Pacific', pp. 424-557 in Christopher Moseley (ed.) Encyclopedia of the World's Endangered Languages. London/New York: Routledge.",-8.2549,125.5737,"Autoro Island, Timor Leste"
482,Central Siberian Yupik (St. Lawrence Island),yupik de Sibérie (île Saint Laurent),yupí siberiano central (isla de San Lorenzo),United States of America,USA,ess,Definitely endangered,"Bering Strait Yupik, Yuit,  Asiatic Yupik, Yoit, Yuk, Siberian Yupik, Yup'ik",,1000,Krauss 2007,63.7444,-171.7242,
2616,Dampelas,dampelas,dampelasa,Indonesia,IDN,dms,Definitely endangered,,,1000,"Wurm, Stephen A. 2007. 'Australia and the Pacific', pp. 424-557 in Christopher Moseley (ed.) Encyclopedia of the World's Endangered Languages. London/New York: Routledge.",0.2005,119.8965,"Close to Sabang, Sulawesi"
2630,Faghani,faghani,gani,Solomon Islands,SLB,faf,Vulnerable,Fagani,,1000,"Wurm, Stephen A. 2007. 'Australia and the Pacific', pp. 424-557 in Christopher Moseley (ed.) Encyclopedia of the World's Endangered Languages. London/New York: Routledge.",-10.4337,161.5979,Northwestern part of San Cristobal (Makira) Island
2590,Gorap,gorap,gorap,Indonesia,IDN,goq,Definitely endangered,,,1000,"Wurm, Stephen A. 2007. 'Australia and the Pacific', pp. 424-557 in Christopher Moseley (ed.) Encyclopedia of the World's Endangered Languages. London/New York: Routledge.",2.1528,128.2516,"Morotai Island and North Halmahera, Maluku"
712,Hawaiian,hawaïen,hawaiano,United States of America,USA,haw,Critically endangered,,,1000,Grimes 2000,21.9226,-160.1147,Hawaiian Islands
2306,Kodeoha,kodeoha,kodeoha,Indonesia,IDN,vko,Vulnerable,Kondeha,,1000,Grimes 2000,-3.4147,120.9155,Sulawesi
2681,Kuot,kuot,kuot,Papua New Guinea,PNG,kto,Vulnerable,Panaras,,1000,"Wurm, Stephen A. 2007. 'Australia and the Pacific', pp. 424-557 in Christopher Moseley (ed.) Encyclopedia of the World's Endangered Languages. London/New York: Routledge.",-3.0692,151.5234,"East and West Coast, Central New Ireland Province"
2323,Tombelala,tombelala,tombelala,Indonesia,IDN,ttp,Vulnerable,,,1000,Grimes 2000,-2.5315,121.9454,Sulawesi
2342,Namonuito,namonuito,namonuito,Micronesia (Federated States of),FSM,nmt,Severely endangered,Namon Weite,,944,Grimes 2000,8.6299,150.0128,"Magur, Ono, Onari, Piserarh, Ulul islands, Caroline Islands"
2490,Caac,caac,caac,New Caledonia (France),NCL,msq,Vulnerable,,,890,Grimes 2000,-20.3883,164.5614,Pouébo
2343,Nukuoro,nukuoro,nukuoro,Micronesia (Federated States of),FSM,nkr,Definitely endangered,,,860,Grimes 2000,3.8574,154.9786,Nukuoro and Ponape
2489,Kumak,kumak,kumak,New Caledonia (France),NCL,nee,Vulnerable,"nêlêmwa, nixumwak",,847,http://lacito.vjf.cnrs.fr/,-20.1278,164.0259,"North of the ""Grande Terre"" (Poum, Koumak and some islands around)"
710,Pukapukan,pukapuka,pukapukano,Cook Islands,COK,pkp,Definitely endangered,,,840,Grimes 2000,-10.871,-165.8441,Pukapuka and Nasau Islands
2598,Lola,buru,lola,Indonesia,IDN,lcd,Vulnerable,"Buru, Wayapo",,830,"Wurm, Stephen A. 2007. 'Australia and the Pacific', pp. 424-557 in Christopher Moseley (ed.) Encyclopedia of the World's Endangered Languages. London/New York: Routledge.",-6.3316,134.8818,"Three islands east of Kobroor and Baun Islands in the Aru Islands, South East Maluku"
2370,Ottawa (Canada),ottawa (Canada),oyibua odahua (Canadá),"Canada, United States of America","CAN, USA",otw,Severely endangered,Odawa,,810,"1996 and 2001 Censuses, Statistics Canada; based on the Department of Canadian Heritage customized census retrievals
UNESCO Atlas 2nd edition (Wurm (2001))
Ethnologue: Languages of the World (Gordon, (2005))
http://www.aboriginalcanada.gc.ca/acp/community/site.nsf/index_en.html
http://en.wikipedia.org/wiki/Portal:Contents",46.1519,-82.2243,Spread over 15 communities in Canada
34,Isu,isu,isu,Cameroon,CMR,szv,Severely endangered,Isuwu,,800,Ethnologue,4.0094,9.5745,
2491,Jawe,jawe,jawe,New Caledonia (France),NCL,jaz,Vulnerable,Djawe,,729,Rivierre et al. 2003,-20.4913,164.696,"Hienghène, Pouébo"
2269,Enggano,enggano,enggano,Indonesia,IDN,eno,Vulnerable,,,700,Grimes 2000,-5.4191,102.2717,"Sumatra, Indonesia"
193,Kalaw Lagaw Ya,kalaw lagaw ya,mabuyago,Australia,AUS,mwp,Definitely endangered,"Kala Yagaw Ya, Yagar Yagar, Mabuiag, Kala Lagau Langgus, Langus, Kala Lagaw.  Dialects: Kalaw Kawaw",,700,,-10.0828,142.1081,
2514,Lakon,lakon,lakona,Vanuatu,VUT,lkn,Vulnerable,"Lakona, Vure",,700,"Alexandre François 2008
http://alex.francois.free.fr/AF-terrain.htm",-14.251,167.422,Gaua Island
2625,Ngatikese Men's Creole,créole de Ngatik,ngatik,Micronesia (Federated States of),FSM,,Definitely endangered,,,700,"Wurm, Stephen A. 2007. 'Australia and the Pacific', pp. 424-557 in Christopher Moseley (ed.) Encyclopedia of the World's Endangered Languages. London/New York: Routledge.",5.8305,157.2308,Ngatik Atoll
496,Nivkh (Sakhalin),nivkhe (Sakhaline),nivejí (Sajalín),Russian Federation,RUS,niv,Severely endangered,,,688,А. Н. Биткеева: Нивхский язык http://lingsib.unesco.ru/ru/languages/nivkh.shtml.htm,51.7814,143.1628,"Sakhalin Province: the village of Nekrasovka and smaller neighbouring villages such as Moskal’vo, Chir-Unvd and Viakhtu in Okha County; the village of Rybnovsk (Rybnoye) in the same county; the town of Nogliki in Nogliki County; also the town of Poronaysk in Poronaysk County"
1308,Kasanga,kasanga,kasanga,Guinea-Bissau,GNB,ccj,Critically endangered,Haal,,650,"Ethnologue, Tucker Childs",12.2702,-16.1553,
2364,Eastern Ojibwe,ojibwe de l'est,oyibua oriental,Canada,CAN,ojg,Severely endangered,Mississauga,,620,"1996 and 2001 Censuses, Statistics Canada; based on the Department of Canadian Heritage customized census retrievals
UNESCO Atlas 2nd edition (Wurm (2001))
Ethnologue: Languages of the World (Gordon, (2005))
http://www.aboriginalcanada.gc.ca/acp/community/site.nsf/index_en.html
http://en.wikipedia.org/wiki/Portal:Contents",44.8381,-80.1983,Spread over 23 communities in Canada
2628,Blablanga,blablanga,blablanga,Solomon Islands,SLB,blp,Definitely endangered,"Gema, Goi",,600,"Wurm, Stephen A. 2007. 'Australia and the Pacific', pp. 424-557 in Christopher Moseley (ed.) Encyclopedia of the World's Endangered Languages. London/New York: Routledge.",-8.206,159.4638,Santa Isabel
2633,Hoava,hoava,hoava,Solomon Islands,SLB,hoa,Vulnerable,,,600,"Wurm, Stephen A. 2007. 'Australia and the Pacific', pp. 424-557 in Christopher Moseley (ed.) Encyclopedia of the World's Endangered Languages. London/New York: Routledge.",-8.1883,157.6036,"North Marovo lagoon, New Georgia"
2545,Kowiai,kowiai,kowiai,Indonesia,IDN,kwh,Vulnerable,Kaiwai,,600,"Wurm, Stephen A. 2007. 'Australia and the Pacific', pp. 424-557 in Christopher Moseley (ed.) Encyclopedia of the World's Endangered Languages. London/New York: Routledge.",-3.9437,134.0881,Irian Jaya
2308,Laiyolo,Laiyolo,laiyolo,Indonesia,IDN,lji,Definitely endangered,Da'ang,,600,Grimes 2000,-6.3862,120.4733,Sulawesi
2623,Penrhyn,penrhyn,penrhyn,Cook Islands,COK,pnh,Severely endangered,Tongareva,,600,"Wurm, Stephen A. 2007. 'Australia and the Pacific', pp. 424-557 in Christopher Moseley (ed.) Encyclopedia of the World's Endangered Languages. London/New York: Routledge.",-9.0153,-158.0218,Penrhyn Island
716,Sonsorol,sonsorol,sonsorol,Palau,PLW,sov,Severely endangered,Sonsorolese,,600,Grimes 2000,7.4278,134.5495,Palau Islands
2627,Teanu,teanu,teanu,Solomon Islands,SLB,tkw,Definitely endangered,"Buma, Puma",,600,"Tryon & Hackman 1983, Alexandre François 2006 - http://alex.francois.free.fr/AF-terrain.htm",-11.6219,166.9633,Vanikoro
715,Norfolk-Pitcairn (Norfolk),pitkern-norfolk (Norfolk),pitcairn-norfolk (Norfolk),Norfolk Island (Australia),NFK,pih,Definitely endangered,"Norfolkese, Norfuk , Pitcairnese, Pitkern",,580,"Grimes 2000
Wurm, Stephen A. 2007. 'Australia and the Pacific', pp. 424-557 in Christopher Moseley (ed.) Encyclopedia of the World's Endangered Languages. London/New York: Routledge.",-29.0225,167.9425,Norfolk Island
2500,Xaragure,xârâgurè,xaragure,New Caledonia (France),NCL,axx,Vulnerable,,,566,"1996 Census, LACITO",-21.8054,166.4964,Thio
2631,Gao,gao,gao,Solomon Islands,SLB,gga,Vulnerable,Nggao,,550,"Wurm, Stephen A. 2007. 'Australia and the Pacific', pp. 424-557 in Christopher Moseley (ed.) Encyclopedia of the World's Endangered Languages. London/New York: Routledge.",-8.3514,159.8167,Southeastern Santa Isabel
1514,Arbanasi,arbanasi,arbanasi,Croatia,HRV,,Severely endangered,,,500,"August Kovačec: Arbanasi-Albanisch. — Lexikon der Sprachen des europäischen Ostens. Herausgegeben von Miloš Okuka unter Mitwirkung von Gerald Krenn. Wieser Enzyklopädie des europäischen Ostens 10; Klagenfurt: Wieser, 2002. 67–70.",44.0994,15.2545,Arbanasi in Zadar (Zara); an outlying dialect of (Gheg) Albanian not listed at all by the SIL
2615,Busoa,busoa,busoa,Indonesia,IDN,bup,Vulnerable,Tangkou,,500,"Wurm, Stephen A. 2007. 'Australia and the Pacific', pp. 424-557 in Christopher Moseley (ed.) Encyclopedia of the World's Endangered Languages. London/New York: Routledge.",-5.5722,122.6074,"Southwest coast of Buton Island, Sulawesi"
2682,Laxudumau,laxudumau,laxudumau,Papua New Guinea,PNG,,Vulnerable,,,500,"Wurm, Stephen A. 2007. 'Australia and the Pacific', pp. 424-557 in Christopher Moseley (ed.) Encyclopedia of the World's Endangered Languages. London/New York: Routledge.",-2.8922,151.2467,"Village of Lakudumau (or Lakuramau), central east coast of New Ireland Province"
2560,Onin,onin,onin,Indonesia,IDN,oni,Vulnerable,,,500,"Wurm, Stephen A. 2007. 'Australia and the Pacific', pp. 424-557 in Christopher Moseley (ed.) Encyclopedia of the World's Endangered Languages. London/New York: Routledge.",-2.9745,132.2383,Irian Jaya
2319,Taloki,taloki,taloki,Indonesia,IDN,tlk,Definitely endangered,,,500,Grimes 2000,-4.5928,122.8628,Sulawesi
2322,Tomadino,tomadino,tomadino,Indonesia,IDN,tdi,Definitely endangered,,,500,Grimes 2000,-2.5836,121.9729,Sulawesi
2619,Toratán,ratahan,ratahan,Indonesia,IDN,rth,Definitely endangered,Ratahan,,500,"Wurm, Stephen A. 2007. 'Australia and the Pacific', pp. 424-557 in Christopher Moseley (ed.) Encyclopedia of the World's Endangered Languages. London/New York: Routledge.",1.0354,124.7985,"Northestern section of the northern penincula, Sulawesi"
2347,Satawal,satawal,satawalés,Micronesia (Federated States of),FSM,stw,Severely endangered,,,458,Grimes 2000,7.3406,147.041,"Satawal Island, Caroline Islands"
2653,Tolomako,tolomako,tolomako,Vanuatu,VUT,tlm,Definitely endangered,,,450,"Wurm, Stephen A. 2007. 'Australia and the Pacific', pp. 424-557 in Christopher Moseley (ed.) Encyclopedia of the World's Endangered Languages. London/New York: Routledge.",-15.1834,166.8438,"Big Bay, Santo Island"
363,Istriot,istriot,istriano,Croatia,HRV,ist,Severely endangered,,,400,"Goran Filipi: Istriotisch. — Lexikon der Sprachen des europäischen Ostens. Herausgegeben von Miloš Okuka unter Mitwirkung von Gerald Krenn. Wieser Enzyklopädie des europäischen Ostens 10; Klagenfurt: Wieser, 2002. 87–89.",45.0541,13.7246,"the towns of Rovinj (Rovigno), Vodnjan (Dignano), Bale (Valle), Fažana (Fasana), Galižana (Gallesano) and Šišan (Sissano) in the southwest of the Istrian peninsula"
2305,Kalao,kalao,kalao,Indonesia,IDN,kly,Definitely endangered,Kalatoa,,400,Grimes 2000,-7.3134,121.0034,Sulawesi
1200,Lamongse,lamongse,lamongshé,India,IND,nik,Critically endangered,"Ong, Lamongshe, Milo, Miloh",,400,Prof. Udaya Narayana Singh (personal communication),7.3134,93.6968,"on the islands of Little Nicobar (Pangang, Onge, Tokuo-no Long), Pulo Milo (Piheun) and Kondul (Lamongse) "
705,Rapa,rapa,rapano,French Polynesia (France),PYF,ray,Severely endangered,Rapan,,400,"Wurm, Stephen 2007. 'Australia and the Pacific', pp. 425-578 in Christopher Moseley (ed.) Encyclopedia of the World's Endangered Languages. London/New York: Routledge.
Grimes 2000",-27.8973,-143.5034,Rapa Island and Tahiti
2640,Bierebo,bierebo,bierebo,Vanuatu,VUT,bnk,Vulnerable,,,350,"Wurm, Stephen A. 2007. 'Australia and the Pacific', pp. 424-557 in Christopher Moseley (ed.) Encyclopedia of the World's Endangered Languages. London/New York: Routledge.",-16.6539,168.1539,Epi Island
2643,Labo,labo,labo,Vanuatu,VUT,mwi,Vulnerable,Mewun,,350,"Wurm, Stephen A. 2007. 'Australia and the Pacific', pp. 424-557 in Christopher Moseley (ed.) Encyclopedia of the World's Endangered Languages. London/New York: Routledge.",-16.4492,167.4481,South-west Malekula
2611,Serili,serili,serili,Indonesia,IDN,sve,Vulnerable,,,328,"Wurm, Stephen A. 2007. 'Australia and the Pacific', pp. 424-557 in Christopher Moseley (ed.) Encyclopedia of the World's Endangered Languages. London/New York: Routledge.",-8.1136,129.9023,"Northeast Marsela Island, Babar Islands, South Maluku"
141,Kwak'wala,kwak'wala,kwakwala,"Canada, United States of America","CAN, USA",kwk,Critically endangered,Kwakiutl,,315,"1996 and 2001 Censuses, Statistics Canada; based on the Department of Canadian Heritage customized census retrievals
UNESCO Atlas 2nd edition (Wurm (2001))
Ethnologue: Languages of the World (Gordon, (2005))
http://www.aboriginalcanada.gc.ca/acp/community/site.nsf/index_en.html
http://en.wikipedia.org/wiki/Portal:Contents",50.7338,-127.4982,Spread over 13 communities in Canada
1417,Bakole,bakole,bakole,Cameroon,CMR,kme,Critically endangered,,,300,Ethnologue,4.5764,8.8439,
2168,Faire Atta,atta faire,atta meridional,Philippines,PHL,azt,Severely endangered,,,300,,18.027,120.4929,
2674,Kandas,kandas,kandas,Papua New Guinea,PNG,kqw,Vulnerable,,,300,"Wurm, Stephen A. 2007. 'Australia and the Pacific', pp. 424-557 in Christopher Moseley (ed.) Encyclopedia of the World's Endangered Languages. London/New York: Routledge.",-4.4121,152.7868,"Southwest coast, New Ireland Province"
2548,Legenyem,legenyem,legenyem,Indonesia,IDN,lcc,Vulnerable,Laganyan,,300,"Wurm, Stephen A. 2007. 'Australia and the Pacific', pp. 424-557 in Christopher Moseley (ed.) Encyclopedia of the World's Endangered Languages. London/New York: Routledge.",-0.3186,130.7345,Irian Jaya
706,Mangareva,mangareva,mangarevano,French Polynesia (France),PYF,mrv,Severely endangered,"Mangarevan, Ma'areva",,300,"Wurm, Stephen 2007. 'Australia and the Pacific', pp. 425-578 in Christopher Moseley (ed.) Encyclopedia of the World's Endangered Languages. London/New York: Routledge.
Grimes 2000",-23.1226,-134.978,Mangareva (Gambier Islands)
2509,Vera'a,vera'a,vatrata,Vanuatu,VUT,vlr,Definitely endangered,Vatrata,,300,"Alexandre François 2008
http://alex.francois.free.fr/AF-terrain.htm",-13.872,167.4323,Vanua Lava
2662,Bosilewa,bosilewa,bosilewa,Papua New Guinea,PNG,bwf,Vulnerable,Boselewa,,250,"Wurm, Stephen A. 2007. 'Australia and the Pacific', pp. 424-557 in Christopher Moseley (ed.) Encyclopedia of the World's Endangered Languages. London/New York: Routledge.",-9.449,150.661,"Central north coast of Fergusson Island, Milne Bay Province"
2335,Kaibobo,kaibobo,kaibobo,Indonesia,IDN,kzb,Definitely endangered,,,250,Grimes 2000,-3.1843,128.1829,Maluku
2505,Lehali,lehali,lehali,Vanuatu,VUT,tql,Vulnerable,,,250,"Alexandre François 2008
http://alex.francois.free.fr/AF-terrain.htm",-13.5205,167.2998,Ureparapara Island
2506,Löyöp,löyöp,löyöp,Vanuatu,VUT,urr,Vulnerable,Lehalurup,,250,"Alexandre François 2008
http://alex.francois.free.fr/AF-terrain.htm",-13.5311,167.3368,Ureparapara Island
2380,Siglitun,siglitun,siglitun,Canada,CAN,ikt,Severely endangered,Western Canadian Inuktitut,,230,"1996 and 2001 Censuses, Statistics Canada; based on the Department of Canadian Heritage customized census retrievals
UNESCO Atlas 2nd edition (Wurm (2001))
Ethnologue: Languages of the World (Gordon, (2005))
http://www.aboriginalcanada.gc.ca/acp/community/site.nsf/index_en.html
http://en.wikipedia.org/wiki/Portal:Contents",69.4386,-132.9998,Spread over 3 communities in Canada
2332,Emplawas,emplawas,emplavas,Indonesia,IDN,emw,Definitely endangered,,,220,Grimes 2000,-8.0374,129.7375,Maluku
2511,Dorig,dorig,wetamut,Vanuatu,VUT,wwo,Definitely endangered,Wetamut,,200,"Alexandre François 2008
http://alex.francois.free.fr/AF-terrain.htm",-14.3236,167.5669,Gaua Island
2641,Emae,emae,mae,Vanuatu,VUT,mmw,Vulnerable,Emwae,,200,"Wurm, Stephen A. 2007. 'Australia and the Pacific', pp. 424-557 in Christopher Moseley (ed.) Encyclopedia of the World's Endangered Languages. London/New York: Routledge.",-17.0567,168.3956,"Emwae Island, Shepherd Islands, north of Efate Island"
2334,Kadai,kadai,kadai,Indonesia,IDN,kzd,Definitely endangered,,,200,Grimes 2000,-1.7465,125.2606,Maluku
2635,Kokota,kokota,kokota,Solomon Islands,SLB,kkk,Vulnerable,,,200,"Wurm, Stephen A. 2007. 'Australia and the Pacific', pp. 424-557 in Christopher Moseley (ed.) Encyclopedia of the World's Endangered Languages. London/New York: Routledge.",-8.0347,159.1781,Santa Isabel
2694,Numbani,numbani,siboma,Papua New Guinea,PNG,sij,Vulnerable,Siboma,,200,"Wurm, Stephen A. 2007. 'Australia and the Pacific', pp. 424-557 in Christopher Moseley (ed.) Encyclopedia of the World's Endangered Languages. London/New York: Routledge.",-7.5177,147.2991,"Spoken in one village (Sipoma?), east of Lae town, southern coast of Huon Peninsula Morobe Province"
2651,Shark Bay,shark Bay,lengua de la Bahía del Tiburón,Vanuatu,VUT,ssv,Vulnerable,Ngen,,200,"Wurm, Stephen A. 2007. 'Australia and the Pacific', pp. 424-557 in Christopher Moseley (ed.) Encyclopedia of the World's Endangered Languages. London/New York: Routledge.",-15.2987,167.1459,Litaro and Santo Islands
2357,Nootka,nootka,nutka,Canada,CAN,noo,Severely endangered,Nuuchahnulth,,185,"1996 and 2001 Censuses, Statistics Canada; based on the Department of Canadian Heritage customized census retrievals
UNESCO Atlas 2nd edition (Wurm (2001))
Ethnologue: Languages of the World (Gordon, (2005))
http://www.aboriginalcanada.gc.ca/acp/community/site.nsf/index_en.html
http://en.wikipedia.org/wiki/Portal:Contents",49.2818,-126.0627,Spread over 16 communities in Canada
2273,Bahonsuai,bahonsuai,bahonsuái,Indonesia,IDN,bsu,Definitely endangered,,,180,Grimes 2000,-2.2186,121.6845,"Sulawesi, Indonesia"
2520,Bedoanas,bedoanas,bedoanas,Indonesia,IDN,bed,Vulnerable,,,180,"Wurm, Stephen A. 2007. 'Australia and the Pacific', pp. 424-557 in Christopher Moseley (ed.) Encyclopedia of the World's Endangered Languages. London/New York: Routledge.",-2.7263,132.5582,Irian Jaya
2385,Straits Salish,salish straits,straits salish,"Canada, United States of America","CAN, USA",str,Severely endangered,,,180,"1996 and 2001 Censuses, Statistics Canada; based on the Department of Canadian Heritage customized census retrievals
UNESCO Atlas 2nd edition (Wurm (2001))
Ethnologue: Languages of the World (Gordon, (2005))
http://www.aboriginalcanada.gc.ca/acp/community/site.nsf/index_en.html
http://en.wikipedia.org/wiki/Portal:Contents",48.4457,-123.4205,Spread over 7 communities in Canada
2691,Mwatebu,mwatebu,mwatebu,Papua New Guinea,PNG,mwa,Definitely endangered,,,166,"Wurm, Stephen A. 2007. 'Australia and the Pacific', pp. 424-557 in Christopher Moseley (ed.) Encyclopedia of the World's Endangered Languages. London/New York: Routledge.",-10.0202,151.0537,"Northern central coast of Normanby Island, Milne Bay Province"
2637,Zazao,zazao,zazao,Solomon Islands,SLB,jaj,Critically endangered,Kilokaka,,166,"Wurm, Stephen A. 2007. 'Australia and the Pacific', pp. 424-557 in Christopher Moseley (ed.) Encyclopedia of the World's Endangered Languages. London/New York: Routledge.
Communication with Bill Palmer",-8.1832,159.2269,Santa Isabel
2494,Pije,pije,pije,New Caledonia (France),NCL,piz,Severely endangered,,,161,"1996 Census, LACITO",-20.7869,164.9487,Hienghène
2512,Koro,koro,koro,Vanuatu,VUT,krf,Definitely endangered,,,160,"Alexandre François 2008
http://alex.francois.free.fr/AF-terrain.htm",-14.3242,167.4728,Gaua Island
211,Meriam Mir,meriam mir,meriam,Australia,AUS,ulk,Definitely endangered,"Meriam, Meryam Mir, Miriam-Mir, Miriam, Mer, Mir, East Torres.  Dialects: Boigu, Bulgai, Buglial, Tagota",,160,,-9.9201,144.0472,
1452,Aleut (Eastern),aleut (oriental),aleutiano (oriental),United States of America,USA,ale,Critically endangered,"Unangany, Unangan, Unanghan",,150,"Krauss 2007
Victor Golla, Ives Goddard, Lyle Campbell, Marianne Mithun, and Mauricio Mixco. 2007. North America. Atlas of the World's Languages (2nd. edition), ed. by R.E. Asher and C.J. Moseley, 7-44.  London: Routledge.",54.7212,-164.4433,"Atka
Traditionally spoken in the Aleutian Islands, the Pribilof Islands, and the Alaska Peninsula west of Stepovak Bay. Atka is the location where the dialects of Eastern and Western Aleut are separated.
"
145,Aleut (Western),aleut (occidental),aleutiano (occidental),United States of America,USA,ale,Severely endangered,"Unangany, Unangan, Unanghan",,150,"Krauss 2007
Golla et al. ms.",52.2304,-174.1978,"Atka
Traditionally spoken in the Aleutian Islands, the Pribilof Islands, and the Alaska Peninsula west of Stepovak Bay. Atka is the location where the dialects of Eastern and Western Aleut are separated.
"
2638,Amblong,amblong,amblong,Vanuatu,VUT,alm,Definitely endangered,,,150,"Wurm, Stephen A. 2007. 'Australia and the Pacific', pp. 424-557 in Christopher Moseley (ed.) Encyclopedia of the World's Endangered Languages. London/New York: Routledge.",-15.4933,166.9846,Santo
1887,Arguni,arguni,arguni,Indonesia,IDN,agf,Vulnerable,,,150,"Wurm, Stephen A. 2007. 'Australia and the Pacific', pp. 424-557 in Christopher Moseley (ed.) Encyclopedia of the World's Endangered Languages. London/New York: Routledge.",-2.6632,132.5418,Irian Jaya
2639,Baki,baki,baki,Vanuatu,VUT,bki,Vulnerable,,,150,"Wurm, Stephen A. 2007. 'Australia and the Pacific', pp. 424-557 in Christopher Moseley (ed.) Encyclopedia of the World's Endangered Languages. London/New York: Routledge.",-16.7013,168.145,Epi Island
2504,Hiw,hiw,hiw,Vanuatu,VUT,hiw,Definitely endangered,Hiu,,150,"Alexandre François 2008
http://alex.francois.free.fr/AF-terrain.htm",-13.1343,166.5671,"Hiw Island, Torres Islands"
2646,Malmariv,malmariv,malmariv,Vanuatu,VUT,mnl,Vulnerable,Tiale,,150,"Wurm, Stephen A. 2007. 'Australia and the Pacific', pp. 424-557 in Christopher Moseley (ed.) Encyclopedia of the World's Endangered Languages. London/New York: Routledge.",-15.2656,166.9104,Northern central Santo Island
2696,Papapana,papapana,papapana,Papua New Guinea,PNG,ppn,Definitely endangered,,,150,"Wurm, Stephen A. 2007. 'Australia and the Pacific', pp. 424-557 in Christopher Moseley (ed.) Encyclopedia of the World's Endangered Languages. London/New York: Routledge.",-5.8974,155.2505,"Northern part of the east coast of Bongainville Island, Bougainville Province"
2710,Wab,wab,wab,Papua New Guinea,PNG,wab,Vulnerable,Som,,142,"Wurm, Stephen A. 2007. 'Australia and the Pacific', pp. 424-557 in Christopher Moseley (ed.) Encyclopedia of the World's Endangered Languages. London/New York: Routledge.",-5.6296,146.39,"Near Saidor, on the north coast of Huon Peninsula, Madang Province"
2693,Nauna,nauna,nauna,Papua New Guinea,PNG,ncn,Vulnerable,,,130,"Wurm, Stephen A. 2007. 'Australia and the Pacific', pp. 424-557 in Christopher Moseley (ed.) Encyclopedia of the World's Endangered Languages. London/New York: Routledge.",-2.2159,148.1986,"Nauna Island, east of Manus Island, Manus province"
2329,Aputai,aputai,aputai,Indonesia,IDN,apx,Critically endangered,,,120,Grimes 2000,-7.6511,126.4086,Maluku
2664,Budibud,budibud,budibud,Papua New Guinea,PNG,btp,Vulnerable,,,120,"Wurm, Stephen A. 2007. 'Australia and the Pacific', pp. 424-557 in Christopher Moseley (ed.) Encyclopedia of the World's Endangered Languages. London/New York: Routledge.",-9.2973,153.6891,"Lachlan Islands, 150km est of Woordlark Island, Milne Bay Province"
2649,Polonomombauk,polonombauk,polonombauk,Vanuatu,VUT,plb,Definitely endangered,,,120,"Wurm, Stephen A. 2007. 'Australia and the Pacific', pp. 424-557 in Christopher Moseley (ed.) Encyclopedia of the World's Endangered Languages. London/New York: Routledge.",-15.4907,167.0814,Santo
2654,Tutuba,tutuba,tutuba,Vanuatu,VUT,tmi,Definitely endangered,,,120,"Wurm, Stephen A. 2007. 'Australia and the Pacific', pp. 424-557 in Christopher Moseley (ed.) Encyclopedia of the World's Endangered Languages. London/New York: Routledge.",-15.5727,167.275,"Tutuba Island, off southeastern coast of Santo"
257,Heiltsuk,heiltsuk,heilchuco,Canada,CAN,hei,Critically endangered,,,105,"1996 and 2001 Censuses, Statistics Canada; based on the Department of Canadian Heritage customized census retrievals
UNESCO Atlas 2nd edition (Wurm (2001))
Ethnologue: Languages of the World (Gordon, (2005))
http://www.aboriginalcanada.gc.ca/acp/community/site.nsf/index_en.html
http://en.wikipedia.org/wiki/Portal:Contents",52.1591,-128.1546,Spread over 2 communities in Canada
2523,Burate,burate,burate,Indonesia,IDN,bti,Severely endangered,,,100,"Wurm, Stephen A. 2007. 'Australia and the Pacific', pp. 424-557 in Christopher Moseley (ed.) Encyclopedia of the World's Endangered Languages. London/New York: Routledge.",-2.7811,135.9915,Irian Jaya
2539,Karas,karas,karas,Indonesia,IDN,kgv,Severely endangered,,,100,"Wurm, Stephen A. 2007. 'Australia and the Pacific', pp. 424-557 in Christopher Moseley (ed.) Encyclopedia of the World's Endangered Languages. London/New York: Routledge.",-3.4585,132.6599,Irian Jaya
2683,Likum,likum,likum,Papua New Guinea,PNG,lib,Definitely endangered,,,100,"Wurm, Stephen A. 2007. 'Australia and the Pacific', pp. 424-557 in Christopher Moseley (ed.) Encyclopedia of the World's Endangered Languages. London/New York: Routledge.",-2.1651,146.6921,Western part of Manus Island
2135,Oroha,oroha,oroha,Solomon Islands,SLB,ora,Severely endangered,Oraha,,100,Tryon & Hackman 1983,-9.7686,161.51,Malaita
1199,Shompen,shompen,shom peng,India,IND,sil,Critically endangered,Shom Peng,,100,Prof. Udaya Narayana Singh (personal communication),7.0245,93.8232,living inside forests on Great Nicobar Island
2116,Mindiri,mindiri,mindiri,Papua New Guinea,PNG,mpn,Severely endangered,,,93,Grimes 2000,-5.5517,146.1538,Madang
2650,Repanbitip,repanbitip,repanbitip,Vanuatu,VUT,rpn,Definitely endangered,,,90,"Wurm, Stephen A. 2007. 'Australia and the Pacific', pp. 424-557 in Christopher Moseley (ed.) Encyclopedia of the World's Endangered Languages. London/New York: Routledge.",-16.3155,167.6026,Southeast Malekula Island
2100,Dorro,dorro,dorro,Papua New Guinea,PNG,mxw,Severely endangered,Namo,,80,Grimes 2000,-9.1834,141.8994,Western Province
2145,Mores,mores,morés,Vanuatu,VUT,rga,Severely endangered,,,75,Lynch & Crowley 2001,-15.3583,166.8988,Santo
2101,Arawun,arawum,arawum,Papua New Guinea,PNG,awm,Severely endangered,,,73,Grimes 2000,-5.5093,145.8929,Madang Province
2518,Awera,awera,awera,Indonesia,IDN,awr,Vulnerable,,,70,"Wurm, Stephen A. 2007. 'Australia and the Pacific', pp. 424-557 in Christopher Moseley (ed.) Encyclopedia of the World's Endangered Languages. London/New York: Routledge.",-2.7084,136.0395,Irian Jaya
156,East Cape Yupik,yupik du Cap Est,yupí naukán,Russian Federation,RUS,ynk,Critically endangered,Naukan Yupik,,70,"Nikolai Vakhtin: Siberian Yupik and other languages of Chukotka. — Bicultural education in the North: Ways of preserving and enhancing. indigenous peoples’ languages and traditional knowledge. Edited by Erich Kasten. Münster: Waxmann, 1998. http://www.siberian-studies.org/publications/PDF/bevakhtin.pdf | Г. А. Меновщиков: Азиатских эскимосов язык. — Языки мира: Палеоазиатские языки. Москва: Индрик, 1997. 75–81.",66.0166,-169.7166,"translocated in several settlements in Chukchi Autonomous District, including Uelen, Lorino, Lavrentiya, Provideniya"
2645,Mafea,mafea,mafea,Vanuatu,VUT,mkv,Definitely endangered,Mavea,,70,"Wurm, Stephen A. 2007. 'Australia and the Pacific', pp. 424-557 in Christopher Moseley (ed.) Encyclopedia of the World's Endangered Languages. London/New York: Routledge.",-15.4219,167.2366,"Mafea and Ais Islands, East Santo Island"
1571,Northern Straits Salish,salish straits du nord,straits salish septentrional,United States of America,USA,sal,Critically endangered,"It has three well-known dialects, Saanich, Samish, and  Lummi. Straits Salish is a group of two languages which includes Northern Straits Salish and Klallam.",,65,"Victor Golla, Ives Goddard, Lyle Campbell, Marianne Mithun, and Mauricio Mixco. 2007. North America. Atlas of the World’s Languages (2nd. edition), ed. by R.E. Asher and C.J. Moseley, 7-44.  London: Routledge.",48.488,-122.6363,"The Saanich dialect has about 20 first-language speakers, the youngest around 60, with about 100 second-language speakers; the Samish dialect has about 5  speakers; the Lummi dialect has no first-language speakers.  "
612,Carapana (Brazil),carapana (Brésil),carapana (Brasil),Brazil,BRA,cbc,Severely endangered,"Karapanã, Carapanã, Muteamasa, Ukopinõpõna",,63,"www.socioambiental.org
Moore, 2008, IBGE databank 
Moore, 2008, Scientific American (Brasil)
",-3.0966,-65.061,"The group lives in indigenous lands Alto Rio Negro, São Gabriel and Pari-Cachoeira, north-western Amazonas State - Brazil."
261,Southern Haida,haida méridional,haida meridional,Canada,CAN,hax,Critically endangered,,,55,"1996 and 2001 Censuses, Statistics Canada; based on the Department of Canadian Heritage customized census retrievals
UNESCO Atlas 2nd edition (Wurm (2001))
Ethnologue: Languages of the World (Gordon, (2005))
http://www.aboriginalcanada.gc.ca/acp/community/site.nsf/index_en.html
http://en.wikipedia.org/wiki/Portal:Contents",53.2697,-131.9861,Spread over 1 communities in Canada
2583,Maku'a,maku'a,maku'a,Timor-Leste,TLS,lva,Critically endangered,"Lovaea, Lovaya",,50,"Wurm, Stephen A. 2007. 'Australia and the Pacific', pp. 424-557 in Christopher Moseley (ed.) Encyclopedia of the World's Endangered Languages. London/New York: Routledge.",-8.4017,127.2271,
2622,Norfolk-Pitcairn (Pitcairn),pitkern-norfolk (Pitcairn),pitcairn-norfolk (Pitcairn),Pitcairn  (U.K.),PCN,pih,Vulnerable,"Norfolkese, Norfuk , Pitcairnese, Pitkern",,50,"Wurm, Stephen A. 2007. 'Australia and the Pacific', pp. 424-557 in Christopher Moseley (ed.) Encyclopedia of the World's Endangered Languages. London/New York: Routledge.",-24.3721,-128.3203,Pitcairn Island
2455,Onge,onge,önge,India,IND,oon,Critically endangered,Ong,,50,,10.639,92.4938,
2409,Patua,patua,macanés,China,CHN,mzs,Critically endangered,"Macanese, Macao Portuguese creole",,50,Bradley 2007,22.1632,113.5464,Macao
2609,Salas,salas,salas gunung,Indonesia,IDN,sgu,Severely endangered,Salas Gunung,,50,"Wurm, Stephen A. 2007. 'Australia and the Pacific', pp. 424-557 in Christopher Moseley (ed.) Encyclopedia of the World's Endangered Languages. London/New York: Routledge.",-3.135,130.5505,"Seram Island, Maluku"
1363,Sentilese,sentinelese,sentinel,India,IND,std,Critically endangered,,,50,,11.5446,92.2576,"Andaman Islands, North Sentinel Island"
2652,Tambotalo,tambotalo,tambotalo,Vanuatu,VUT,tls,Severely endangered,,,50,"Wurm, Stephen A. 2007. 'Australia and the Pacific', pp. 424-557 in Christopher Moseley (ed.) Encyclopedia of the World's Endangered Languages. London/New York: Routledge.",-15.4655,167.1027,Inland southeast Santo Islands
2137,Tanimbili,tanimbili,tanimbili,Solomon Islands,SLB,tbe,Severely endangered,Nyisunggu,,50,"Tryon & Hackman 1983, Moseley 2008",-11.2935,166.5211,Utupua
2128,Tench,tench,tenis,Papua New Guinea,PNG,tns,Critically endangered,Tenis,,49,Grimes 2000,-1.6394,150.6939,New Ireland Province
2095,Dumun,dumun,dumun,Papua New Guinea,PNG,dui,Critically endangered,,,42,Grimes 2000,-5.5421,146.0906,Madang Province
2136,Asumboa,asumboa,asumbuo,Solomon Islands,SLB,aua,Severely endangered,Asumbuo,,40,Tryon & Hackman 1983,-11.2982,166.4868,Utupua
1364,Jarawa,jarawa,jarawa,India,IND,ang,Critically endangered,,,31,,12.6028,92.752,South Andaman Island
2212,Alabat Island Agta,agta de l'île d'Alabat,agta de la isla Alabat,Philippines,PHL,dul,Critically endangered,,,30,,14.1209,122.0282,
2530,Duriankere,duriankere,duriankere,Indonesia,IDN,dbn,Critically endangered,"Esaro, Sailen",,30,"Wurm, Stephen A. 2007. 'Australia and the Pacific', pp. 424-557 in Christopher Moseley (ed.) Encyclopedia of the World's Endangered Languages. London/New York: Routledge.",-1.3896,130.9247,Irian Jaya
2156,Ske,ske,seke,Vanuatu,VUT,,Severely endangered,Seke,,30,"Tryon 1976, fieldnotes",-15.9085,168.1924,Pentecost
2140,Bieria,bieria,bieria,Vanuatu,VUT,brj,Critically endangered,,,25,Lynch & Crowley 2001,-16.8045,168.2446,Epi
2263,Tobian,tobien,tobiano,Palau,PLW,tox,Critically endangered,"Tobi, Hatobohei",,22,Grimes 2000,2.9594,131.8084,Tabi (Hatobohei) Island
2531,Dusner,dusner,dusner,Indonesia,IDN,dsn,Critically endangered,,,20,"Wurm, Stephen A. 2007. 'Australia and the Pacific', pp. 424-557 in Christopher Moseley (ed.) Encyclopedia of the World's Endangered Languages. London/New York: Routledge.",-2.7139,134.3888,Irian Jaya
2108,Hermit,hermit,hermit,Papua New Guinea,PNG,llf,Critically endangered,,,20,Grimes 2000,-2.0869,146.9311,Manus
2648,Nisvai,nisvai,nisvai,Vanuatu,VUT,psw,Critically endangered,Vetbon,,20,"Wurm, Stephen A. 2007. 'Australia and the Pacific', pp. 424-557 in Christopher Moseley (ed.) Encyclopedia of the World's Endangered Languages. London/New York: Routledge.",-16.4492,167.7117,Malekula
650,Qawasqar,kawesqar,kahuéskar,Chile,CHL,alc,Critically endangered,"Kawesqar, Alacaluf",,20,,-49.6391,-74.3554,"Puerto Edén, on Wellington Island, Magallanes region, Chile"
2133,Ririo,ririo,ririo,Solomon Islands,SLB,rri,Critically endangered,,,18,Tryon & Hackman 1983,-6.91,156.9671,Choiseul
2510,Mwesen,mwesen,mosina,Vanuatu,VUT,msn,Critically endangered,Mosina,,15,"Alexandre François 2008
http://alex.francois.free.fr/AF-terrain.htm",-13.874,167.5415,"Vanua Lava Island, Banks Islands"
2143,Bangsa,bangsa,Bangsa,Vanuatu,VUT,,Critically endangered,,,10,Lynch & Crowley 2001,-16.146,167.389,Malekula
763,Copper Island Aleut,aleut de l'île Copper,aleutiano de la isla Copper,Russian Federation,RUS,mud,Critically endangered,“Mednyy Aleut” (refers to the Russian name of the island); алеутско-медновский,,10,"Evgenij Golovko: Mednyj Aleut or Copper Island Aleut: an Aleut-Russian mixed language. — Mixed languages: 15 case studies in language intertwining. Editors: Peter Bakker and Maarten Mous, Studies in language and language use 13. Amsterdam: IFOTT, 1994. 113–121. | Е. В. Головко: Медновских алеутов язык. — Языки мира: Палеоазиатские языки. Москва: Индрик, 1997. 117–125.",54.7753,167.5662,"all on Bering Island, one of the Commander Islands in the west of the Aleutian chain, near Kamchatka, in Kamchatka Province, where Copper Island Aleuts were translocated in the 1960s; Copper Island Aleut is a mixed language of (the Attu dialect of) Aleut and Russian, which originally developed in the mid-19th century on Copper Island, the other of the Commander Islands, among Aleut speakers who had been moved there from Attu Island in Alaska"
2591,Hoti,hoti,hoti,Indonesia,IDN,hti,Critically endangered,,,10,"Wurm, Stephen A. 2007. 'Australia and the Pacific', pp. 424-557 in Christopher Moseley (ed.) Encyclopedia of the World's Endangered Languages. London/New York: Routledge.",-3.0143,130.3692,"East Seram Island, Maluku"
2593,Hulung,hulung,hulung,Indonesia,IDN,huk,Critically endangered,,,10,"Wurm, Stephen A. 2007. 'Australia and the Pacific', pp. 424-557 in Christopher Moseley (ed.) Encyclopedia of the World's Endangered Languages. London/New York: Routledge.",-2.8614,128.5606,"West Seram Island, Maluku"
2594,Ibu,ibu,ibu,Indonesia,IDN,ibu,Critically endangered,,,10,"Wurm, Stephen A. 2007. 'Australia and the Pacific', pp. 424-557 in Christopher Moseley (ed.) Encyclopedia of the World's Endangered Languages. London/New York: Routledge.",1.5269,127.5265,"North Halmahera Island, Maluku"
202,Lardil,lardil,lardil,Australia,AUS,lbz,Critically endangered,"Leedil, Ladil, Lardill, Laierdila, Kunana.",,10,,-16.5526,139.3176,
2644,Lorediakarkar,lorediakarkar,lorediakarkar,Vanuatu,VUT,lnn,Critically endangered,,,10,"Wurm, Stephen A. 2007. 'Australia and the Pacific', pp. 424-557 in Christopher Moseley (ed.) Encyclopedia of the World's Endangered Languages. London/New York: Routledge.
Tryon (2008 fieldnotes)",-15.1967,167.0498,Central East Coast of Santo Island
2144,Matanvat,matanvat,matanvat,Vanuatu,VUT,,Critically endangered,,,10,Lynch & Crowley 2001,-15.8972,167.1947,Malekula
2148,Naati,naati,naati,Vanuatu,VUT,,Critically endangered,,,10,Lynch & Crowley 2001,-16.515,167.4645,Malekula
2604,Nusa Laut,nusa laut,nusa laut,Indonesia,IDN,nul,Critically endangered,,,10,"Wurm, Stephen A. 2007. 'Australia and the Pacific', pp. 424-557 in Christopher Moseley (ed.) Encyclopedia of the World's Endangered Languages. London/New York: Routledge.",-3.6833,128.8,"Nusa Laut and Lease Islands, Maluku"
2125,Sene,sene,sene,Papua New Guinea,PNG,sej,Critically endangered,,,10,Grimes 2000,-6.3753,147.7825,Morobe Province
2155,Sowa,sowa,sowa,Vanuatu,VUT,,Critically endangered,,,10,Tryon fieldnotes,-15.8609,168.1842,Pentecost
2153,Tape,tape,tape,Vanuatu,VUT,,Critically endangered,Maraghus,,10,Lynch & Crowley 2001,-16.0953,167.3094,Malekula
2515,Araki,araki,araki,Vanuatu,VUT,akr,Critically endangered,,,8,"Alexandre François 2008
http://alex.francois.free.fr/AF-terrain.htm",-15.6322,166.9413,"Araki Island, Santo"
195,Kayardild,kayardild,gayardil,Australia,AUS,gyd,Critically endangered,"Gajadilt, Gajardild, Gayadilt, Gayardild, Gayardilt, Kaiadilt, Malununda",,8,,-17.1197,139.4604,
163,"Aleut (Western, Commander Islands)","aleut (occidental, îles du Commandeur)","aleutiano (occidental, islas del Comandante)",Russian Federation,RUS,ale,Critically endangered,,,5,"Е. В. Головко: Алеутский язык. — Языки мира: Палеоазиатские языки. Москва: Индрик, 1997. 101–116.",55.171,166.094,"Bering Island, one of the Commander Islands in the west of the Aleutian chain, near Kamchatka, in Kamchatka Province; moved there from Attu Island in Alaska in the early 19th century; cf. Copper Island Aleut"
2142,Aveteian,aveteian,aveteian,Vanuatu,VUT,,Critically endangered,,,5,Lynch & Crowley 2001,-16.3985,167.4213,Malekula
2722,Great andamanese,grand andamanais,andamanés,India,IND,akj,Critically endangered,Aka-Jeru; Jeru,,5,"Prof. Anvita Abbi, Bidisha Som, and Aloka Das ""Where have all the Speakers gone? A sociolinguistic study of the Great Andamanese"" Indian Linguistics, 2007, 68-3-4:325-343",12.2326,92.9031,Middle and North Adaman
2549,Liki,liki,sobei,Indonesia,IDN,lio,Critically endangered,,,5,"Wurm, Stephen A. 2007. 'Australia and the Pacific', pp. 424-557 in Christopher Moseley (ed.) Encyclopedia of the World's Endangered Languages. London/New York: Routledge.",-1.6202,138.738,"Like Island, Irian Jaya"
2551,Mansim,mansim,borai,Indonesia,IDN,had,Critically endangered,Borai,,5,"Wurm, Stephen A. 2007. 'Australia and the Pacific', pp. 424-557 in Christopher Moseley (ed.) Encyclopedia of the World's Endangered Languages. London/New York: Routledge.",-0.9008,134.0441,Irian Jaya
2146,Naman,naman,naman,Vanuatu,VUT,lzl,Critically endangered,Litzlitz,,5,Lynch & Crowley 2001,-16.1216,167.4337,Malekula
2147,Nasarian,nasarian,nasariano,Vanuatu,VUT,nvh,Critically endangered,,,5,Lynch & Crowley 2001,-16.3517,167.4659,Malekula
2149,Navwien,navwien,navwien,Vanuatu,VUT,,Critically endangered,,,5,Lynch & Crowley 2001,-16.469,167.4975,Malekula
2150,Nivat,nivat,nivat,Vanuatu,VUT,,Critically endangered,,,5,Lynch & Crowley 2001,-16.1302,167.3835,Malekula
2151,Niviar,niviar,niviar,Vanuatu,VUT,,Critically endangered,,,5,Lynch & Crowley 2001,-16.1302,167.3945,Malekula
2513,Olrat,olrat,olrat,Vanuatu,VUT,,Critically endangered,,,5,"Alexandre François 2008
http://alex.francois.free.fr/AF-terrain.htm",-14.2796,167.4302,Gaua Island
2152,Sorsorian,sorsorian,sorsorian,Vanuatu,VUT,,Critically endangered,,,5,Lynch & Crowley 2001,-16.4709,167.6499,Malekula
2138,Vano,vano,vano,Solomon Islands,SLB,vnk,Critically endangered,Lovono,,5,"Tryon & Hackman 1983, Alexandre François 2006 - http://alex.francois.free.fr/AF-terrain.htm",-11.6286,166.8383,Vanikoro
2106,Guranalum,guranalum,guramalumo,Papua New Guinea,PNG,,Critically endangered,,,4,Grimes 2000,-4.3464,152.8417,New Ireland
2139,Tanema,tanema,tanema,Solomon Islands,SLB,tnw,Critically endangered,"Tanima, Tetawo",,4,"Tryon & Hackman 1983, Alexandre François 2005",-11.6986,166.9111,Vanikoro
248,Worrorra,worrorra,worora,Australia,AUS,unp,Critically endangered,Worora,,4,,-16.4887,124.6289,
2157,Ura,ura,ura,Vanuatu,VUT,,Critically endangered,,,3,Lynch & Crowley 2001,-18.654,169.074,Erromango
2508,Lemerig,lemerig,lemerig,Vanuatu,VUT,vlr,Critically endangered,Sasar,,2,"Alexandre François 2008
http://alex.francois.free.fr/AF-terrain.htm",-13.7473,167.4096,"Vanua Lava, Banks Islands"
2507,Volow,volow,volow,Vanuatu,VUT,mlv,Critically endangered,Valuwa,,1,"Alexandre François 2008
http://alex.francois.free.fr/AF-terrain.htm",-13.6433,167.7159,Motalava Island
665,Yahgan,yahgan,yámana,Chile,CHL,yag,Critically endangered,Yámana,,1,Website J. Tauber (2008).,-55.0028,-67.4615,"Community of Villa Ukika on Navarino Island (Magallanes Territory, Chile)."
486,Ainu (Kuril),aïnou (Kouriles),ainú (Islas Kuriles),Russian Federation,RUS,ain,Extinct,,,0,"В. М. Алпатов: Айнский язык. — Языки мира: Палеоазиатские языки. Москва: Индрик, 1997. 126–138.",46.8882,152.0068,the northern islands of the Kuril chain (especially Shumshu and Paramushir) and the southern tip of Kamchatka (Cape Lopatka)
1342,Alderney French,auregnais,francés de Alderney,United Kingdom of Great Britain and Northern Ireland,GBR,,Extinct,auregnais,,0,,49.7098,-2.2075,the island of Alderney in the Bailiwick of Guernsey; an extinct outlying dialect of Norman not listed at all by the SIL
2141,Aore,aore,aore,Vanuatu,VUT,aor,Extinct,,,0,Lynch & Crowley 2001,-15.5767,167.1638,"Aore, Santo"
170,Badala,badala,badala,Australia,AUS,,Critically endangered,,,0,,-25.285,153.1054,
345,Dalmatian,dalmate,dálmata,Croatia,HRV,dlm,Extinct,,,0,"Žarko Muljačić: Dalmatisch. — Lexikon der Sprachen des europäischen Ostens. Herausgegeben von Miloš Okuka unter Mitwirkung von Gerald Krenn. Wieser Enzyklopädie des europäischen Ostens 10; Klagenfurt: Wieser, 2002. 947–950.",45.0599,14.5719,Krk (Veglia) on the coast of Dalmatia; earlier also Zadar (Zara) and Dubrovnik (Ragusa)
2629,Dororo,dororo,dororo,Solomon Islands,SLB,drr,Extinct,,,0,"Wurm, Stephen A. 2007. 'Australia and the Pacific', pp. 424-557 in Christopher Moseley (ed.) Encyclopedia of the World's Endangered Languages. London/New York: Routledge.",-8.2169,157.3901,Western New Georgia
4,Guanche,,,Spain,ESP,,Extinct,,,0,,27.9264,-15.6774,the Canary Islands
2632,Guliguli,,,Solomon Islands,SLB,gli,Extinct,,,0,"Wurm, Stephen A. 2007. 'Australia and the Pacific', pp. 424-557 in Christopher Moseley (ed.) Encyclopedia of the World's Endangered Languages. London/New York: Routledge.",-8.2114,157.4615,Western New Georgia
2592,Hukumina,hukumina,hukumina,Indonesia,IDN,huw,Extinct,Bambaa,,0,"Wurm, Stephen A. 2007. 'Australia and the Pacific', pp. 424-557 in Christopher Moseley (ed.) Encyclopedia of the World's Endangered Languages. London/New York: Routledge.",-3.1514,126.2713,"Buru Island, Maluku"
2642,Ifo,ifo,ifo,Vanuatu,VUT,iff,Extinct,,,0,"Wurm, Stephen A. 2007. 'Australia and the Pacific', pp. 424-557 in Christopher Moseley (ed.) Encyclopedia of the World's Endangered Languages. London/New York: Routledge.",-18.6605,169.1434,Northeastern Erromanga Island
298,Island Carib,caraïbe,caribe isleño,Dominica,DMA,crb,Extinct,,,0,,15.4325,-61.2817,Carib Indian reservation on the eastern coast of Dominica. 
2675,Kaniet,kaniet,kaniet,Papua New Guinea,PNG,ktk,Extinct,,,0,"Wurm, Stephen A. 2007. 'Australia and the Pacific', pp. 424-557 in Christopher Moseley (ed.) Encyclopedia of the World's Endangered Languages. London/New York: Routledge.",-0.898,145.5441,"Anchorite and Kaniet Islands, Manus Province"
2596,Kayeli,kayeli,kayeli,Indonesia,IDN,kzl,Extinct,,,0,"Wurm, Stephen A. 2007. 'Australia and the Pacific', pp. 424-557 in Christopher Moseley (ed.) Encyclopedia of the World's Endangered Languages. London/New York: Routledge.",-3.39,127.1008,"Buru Island, Maluku"
2634,Kazukuru,kazukuru,kazukuru,Solomon Islands,SLB,kzk,Extinct,,,0,"Wurm, Stephen A. 2007. 'Australia and the Pacific', pp. 424-557 in Christopher Moseley (ed.) Encyclopedia of the World's Endangered Languages. London/New York: Routledge.",-8.1598,157.4629,Western New Georgia
2134,Laghu,laghu,laghu,Solomon Islands,SLB,lgb,Extinct,"Korighole, Katova",,0,"Tryon & Hackman 1983
Communication with Bill Palmer",-7.6157,158.7359,Santa Isabel
2597,Liliali,liliali,liliali,Indonesia,IDN,kzl,Extinct,Leliali,,0,"Wurm, Stephen A. 2007. 'Australia and the Pacific', pp. 424-557 in Christopher Moseley (ed.) Encyclopedia of the World's Endangered Languages. London/New York: Routledge.",-3.39,127.1008,"Buru Island, Maluku"
2552,Mapia,mapia,mapia,Indonesia,IDN,mpy,Extinct,,,0,"Wurm, Stephen A. 2007. 'Australia and the Pacific', pp. 424-557 in Christopher Moseley (ed.) Encyclopedia of the World's Endangered Languages. London/New York: Routledge.",0.8321,134.3023,"Mapia Island, West Papua Province"
2647,Maragus,maragus,maragus,Vanuatu,VUT,mrs,Extinct,,,0,"Wurm, Stephen A. 2007. 'Australia and the Pacific', pp. 424-557 in Christopher Moseley (ed.) Encyclopedia of the World's Endangered Languages. London/New York: Routledge.",-16.0405,167.2778,Central North Malekula Island
2600,Moksela,moksela,moksela,Indonesia,IDN,vms,Extinct,Opselan,,0,"Wurm, Stephen A. 2007. 'Australia and the Pacific', pp. 424-557 in Christopher Moseley (ed.) Encyclopedia of the World's Endangered Languages. London/New York: Routledge.",-3.4654,127.1694,"Buru Island, Maluku"
2601,Naka'ela,naka'ela,naka'ela,Indonesia,IDN,nae,Extinct,,,0,"Wurm, Stephen A. 2007. 'Australia and the Pacific', pp. 424-557 in Christopher Moseley (ed.) Encyclopedia of the World's Endangered Languages. London/New York: Routledge.",-2.847,128.5208,"Seram Island, Maluku"
2603,Nila (Nila Island),nila (île de Nila),nila (isla Nila),Indonesia,IDN,nil,Extinct,,,0,"Wurm, Stephen A. 2007. 'Australia and the Pacific', pp. 424-557 in Christopher Moseley (ed.) Encyclopedia of the World's Endangered Languages. London/New York: Routledge.",-6.7331,129.5288,"Transmigration from Nila Island to Seram Island, Maluku, because of volcanic activity"
361,Norn,,,United Kingdom of Great Britain and Northern Ireland,GBR,,Extinct,,,0,"Michael P. Barnes: The death of Norn. — Germanische Rest- und Trümmersprachen. Herausgegeben von Heinrich Beck. Ergänzungsbände zum Reallexikon der germanischen Altertumskunde 3; Berlin: de Gruyter, 1989. 21–43.",60.3051,-1.2744,the Shetland Islands; earlier also the Orkney Islands and adjacent mainland Scotland
2606,Palumata,palumata,palumata,Indonesia,IDN,pmc,Extinct,Balamanta,,0,"Wurm, Stephen A. 2007. 'Australia and the Pacific', pp. 424-557 in Christopher Moseley (ed.) Encyclopedia of the World's Endangered Languages. London/New York: Routledge.",-3.1569,126.0516,"Buru Island, Maluku"
2044,Papora,papora,papora,China,CHN,ppu,Extinct,,,0,,24.2006,120.6037,Taiwan Province
791,Quileute,quileute,quileutés,United States of America,USA,qui,Extinct,,,0,"Victor Golla, Ives Goddard, Lyle Campbell, Marianne Mithun, and Mauricio Mixco. 2007. North America. Atlas of the World’s Languages (2nd. edition), ed. by R.E. Asher and C.J. Moseley, 7-44.  London: Routledge.",47.9083,-124.6365,"Quileute Reservation (at La Push) and Lower Hoh River Reservation, WA."
1314,Sei,sei,sei,Sierra Leone,SLE,,Extinct,,,0,Tucker Childs,7.5857,-12.5354,
1291,Sened,sened,sened,Tunisia,TUN,sds,Extinct,"Tmagourt / Tmagurt, Zenati",,0,"Ethnologue 
Ethnologue reports that in 1999, a few older adults still remembered a few words.",35.5858,10.8984,"The language used to be spoken in Sened and Tmagourt villages, northwest of Gabès, Southern of Tunisai."
2621,Seru,seru,seru,Malaysia,MYS,szd,Extinct,,,0,"Wurm, Stephen A. 2007. 'Australia and the Pacific', pp. 424-557 in Christopher Moseley (ed.) Encyclopedia of the World's Endangered Languages. London/New York: Routledge.",1.9195,111.2049,"In Kabong, 2nd division, Sarawak"
689,Seward Peninsula Inupiaq (Big Diomede Island),inupiaq de la péninsule de Seward (Grande Diomède),inuit de la Península Seward (i. Gran Diómedes),Russian Federation,RUS,esk,Extinct,Qawiaraq,,0,"Г. А. Меновщиков: Эскимосов Берингова пролива язык. — Языки мира: Палеоазиатские языки. Москва: Индрик, 1997. 84–86.",65.7853,-169.0686,Big Diomede Island in Chukchi Autonomous District
108,Singa,singa,singa,Uganda,UGA,sgm,Extinct,,,0,Ethnolgue,-0.1373,33.695,
2161,Sishee,sishee,zire,New Caledonia (France),NCL,sih,Extinct,"nerë, sîchë 	zîchë, sîshëë, Zire",,0,"Rivierre et al. 2003
http://fr.wikipedia.org/wiki/Langues_kanak",-21.7193,165.6738,Bourail region
2043,Taokas,taokas,taokas,China,CHN,bzg,Extinct,,,0,,24.4471,120.7232,Taiwan Province
2612,Te'un (Te'un Island),te'un (île de Te'un),teun (isla Te'un),Indonesia,IDN,tve,Extinct,,,0,"Wurm, Stephen A. 2007. 'Australia and the Pacific', pp. 424-557 in Christopher Moseley (ed.) Encyclopedia of the World's Endangered Languages. London/New York: Routledge.",-6.9809,129.1394,"Transmigration area in south central Seram Island, Central Maluku, from Te'un Island, South Maluku, because of volcanic activities"
2709,Uruava,uruava,uruava,Papua New Guinea,PNG,urv,Extinct,,,0,"Wurm, Stephen A. 2007. 'Australia and the Pacific', pp. 424-557 in Christopher Moseley (ed.) Encyclopedia of the World's Endangered Languages. London/New York: Routledge.",-5.9821,155.3137,"Northeastern coast of Bongainville Island, Bougainville Province"
1975,Amami,amani,amami,Japan,JPN,"ams, kzg, ryn, tkn",Definitely endangered,"dialects: Kikai, Tokunoshima",,,"Yukio Uemura: The Ryukyuan language. Endangered Languages of the Pacific Rim A4-018; Osaka 2003.
Patrick Heinrich: Language loss and revitalization in the Ryukyu Islands http://japanfocus.org/products/topdf/1596
Patrick Heinrich: What leaves a mark should no longer stain: Progressive erasure and reversing language shift activities in the Ryukyu Islands http://www.sicri.org/ISIC1/j.%20ISIC1P%20Heinrich.pdf",28.3672,129.4958,"Amami Island and neigbouring islands, including Kikai and Tokunoshima islands"
2087,Bay Islands Creole,créole des Iles-de-la-Baie (Islas de la Bahía),criollo de las Islas de la Bahía,Honduras,HND,,Critically endangered,,,,"Herzfeld (in press) Graham (1997), Herzfeld (1997)",16.3297,-86.5299,Bay Islands; Trujillo and La Ceiba in northern Honduras
367,Corfiot Italkian,italkien de Corfou,italkiano de Corfú,Greece,GRC,,Critically endangered,Corfiote Italkian; Judeo-Italian,,,,39.5908,19.8591,Corfu; an outlying dialect of Venetan not listed at all by the SIL
1493,Homshetsma (Caucasus),homshetsma (Caucase),homshetsma (Cáucaso),"Georgia, Russian Federation","GEO, RUS",hye,Severely endangered,Homshetsi,,,Bert Vaux: Hemshinli: The forgotten Black Sea Armenians http://www.uwm.edu/~vaux/hamshen.pdf,43.2452,40.3582,Abkhazia and adjacent regions in Georgia and the Russian Federation: émigré communities from north-eastern Turkey; an outlying dialect of (Western) Armenian not listed separately by the SIL
2724,Jeju,,,Republic of Korea,KOR,,Critically endangered,"Cheju, Ceycwu",제주어,,"National Institute for the Korean Language, JEJU National University, South Korea
KANG Young Bong
KIM Soon Ja
YANG Changyong
",33.3671,126.4974,"Jeju Island, Jeju Special Self-Governing Province"
1974,Kunigami,kunigami,kunigami,Japan,JPN,"okn, xug, yox",Definitely endangered,"dialects: Okinoerabu, Yoron",,,"Yukio Uemura: The Ryukyuan language. Endangered Languages of the Pacific Rim A4-018; Osaka 2003.
Patrick Heinrich: Language loss and revitalization in the Ryukyu Islands http://japanfocus.org/products/topdf/1596
Patrick Heinrich: What leaves a mark should no longer stain: Progressive erasure and reversing language shift activities in the Ryukyu Islands http://www.sicri.org/ISIC1/j.%20ISIC1P%20Heinrich.pdf",26.7186,128.2131,"northern Okinawa Island and neighbouring islands, including Okinoerabu and Yoron islands"
387,Manx,mannois,manx,United Kingdom of Great Britain and Northern Ireland,GBR,glv,Critically endangered,,Gaelg,,"George Broderick: Manx. — The Celtic languages. Edited by Martin J. Ball with James Fife. London and New York: Routledge, 1993. 228–285.; feedback from speakers and Government of the Isle of Man (2009)",54.2106,-4.5318,The Isle of Man
1973,Miyako,miyako,miyako,Japan,JPN,mvi,Definitely endangered,,,,"Yukio Uemura: The Ryukyuan language. Endangered Languages of the Pacific Rim A4-018; Osaka 2003.
Patrick Heinrich: Language loss and revitalization in the Ryukyu Islands http://japanfocus.org/products/topdf/1596
Patrick Heinrich: What leaves a mark should no longer stain: Progressive erasure and reversing language shift activities in the Ryukyu Islands http://www.sicri.org/ISIC1/j.%20ISIC1P%20Heinrich.pdf",24.8004,125.2798,Miyako and neighbouring islands
1381,Mohawk (Kanesatake),mohawk (Kanesatake),mohaqués (Kanesatake),Canada,CAN,moh,Definitely endangered,,,,"Ton Kenneth Deer, 2008",45.4685,-74.0972,
1325,Mohawk (Tyendinega),mohawk (Tyendinaga),mohaqués (Tyendinega),Canada,CAN,moh,Definitely endangered,,,,"Ton Kenneth Deer, 2008",44.189,-77.1494,
262,Northern Haida,haida septentrional,haida septentrional,"Canada, United States of America","CAN, USA",hdn,Critically endangered,,,,"1996 and 2001 Censuses, Statistics Canada; based on the Department of Canadian Heritage customized census retrievals
UNESCO Atlas 2nd edition (Wurm (2001))
Ethnologue: Languages of the World (Gordon, (2005))
http://www.aboriginalcanada.gc.ca/acp/community/site.nsf/index_en.html
http://en.wikipedia.org/wiki/Portal:Contents",54.0397,-132.1776,Spread over 1 communities in Canada
1976,Okinawan,okinawaïen,okinawano,Japan,JPN,ryu,Definitely endangered,,,,"Yukio Uemura: The Ryukyuan language. Endangered Languages of the Pacific Rim A4-018; Osaka 2003.
Patrick Heinrich: Language loss and revitalization in the Ryukyu Islands http://japanfocus.org/products/topdf/1596
Patrick Heinrich: What leaves a mark should no longer stain: Progressive erasure and reversing language shift activities in the Ryukyu Islands http://www.sicri.org/ISIC1/j.%20ISIC1P%20Heinrich.pdf",26.2047,127.6831,central and southern parts of Okinawa Island and neighbouring islands
2094,Panamanian Creole,créole panaméen,criollo inglés panameño,Panama,PAN,,Definitely endangered,"Wari-wari, inglés",,,"Herzfeld (in press), Aceto (1996, 2002), Thomas Brereton (1993)",9.3878,-82.2696,"Bocas del Toro Island in Bocas del Toro province, Colon and Panama city"
2371,Potawatomi (Canada),potawatomi (Canada),potahuatomí (Canadá),Canada,CAN,pot,Critically endangered,,,,"1996 and 2001 Censuses, Statistics Canada; based on the Department of Canadian Heritage customized census retrievals
UNESCO Atlas 2nd edition (Wurm (2001))
Ethnologue: Languages of the World (Gordon, (2005))
http://www.aboriginalcanada.gc.ca/acp/community/site.nsf/index_en.html
http://en.wikipedia.org/wiki/Portal:Contents",42.5163,-82.5555,Spread over 1 communities in Canada
2398,Rigolet Inuktitut,inuktitut rigolet,inuí rigolet,Canada,CAN,ike,Critically endangered,,,,"1996 and 2001 Censuses, Statistics Canada; based on the Department of Canadian Heritage customized census retrievals
UNESCO Atlas 2nd edition (Wurm (2001))
Ethnologue: Languages of the World (Gordon, (2005))
http://www.aboriginalcanada.gc.ca/acp/community/site.nsf/index_en.html
http://en.wikipedia.org/wiki/Portal:Contents",54.1772,-58.4218,
2063,San Andres Creole,créole de San Andrés,criollo sanandresano,Colombia,COL,icr,Vulnerable,,,,,12.5833,-81.7,
1971,Yaeyama,yaeyama,yaeyama,Japan,JPN,rys,Severely endangered,,,,"Yukio Uemura: The Ryukyuan language. Endangered Languages of the Pacific Rim A4-018; Osaka 2003.
Patrick Heinrich: Language loss and revitalization in the Ryukyu Islands http://japanfocus.org/products/topdf/1596
Patrick Heinrich: What leaves a mark should no longer stain: Progressive erasure and reversing language shift activities in the Ryukyu Islands http://www.sicri.org/ISIC1/j.%20ISIC1P%20Heinrich.pdf",24.342,124.1537,islands of the Yaeyama region
1972,Yonaguni,yonaguni,yonaguni,Japan,JPN,yoi,Severely endangered,,,,"Yukio Uemura: The Ryukyuan language. Endangered Languages of the Pacific Rim A4-018; Osaka 2003.
Patrick Heinrich: Language loss and revitalization in the Ryukyu Islands http://japanfocus.org/products/topdf/1596
Patrick Heinrich: What leaves a mark should no longer stain: Progressive erasure and reversing language shift activities in the Ryukyu Islands http://www.sicri.org/ISIC1/j.%20ISIC1P%20Heinrich.pdf",24.458,122.9802,Yonaguni Island
